,node_idx,node_pos_X,node_pos_Y,prod_code,prod_description,PCI,Density_ARG,RCA_ARG,RCA>=1_ARG,Export_values_ARG,COG_ARG,RCA_BRA,RCA_DEU,RCA_CHN,prod_category,category_description
0,0,-0.23571402828211827,-0.6699291496402041,460120,"Mats, matting and screens, vegetable plaiting materia",-1.9831005632243857,0.06963986624986848,0.0,False,0.0,-0.24236492185634165,0.01242288694681877,0.2573336612154828,5.836284526390938,IX,"Productos de madera, carbón de madera, o corcho. Fabricaciones de paja u otros materiales trenzados"
1,1,0.17369918612601865,0.14690445415752487,730820,"Towers and lattice masts, iron or steel",-0.631842185992414,0.09795931635619788,0.12357735358364301,False,1450602.2,-0.2680551015553668,0.44838253204282374,0.7689132791906682,1.4755179758544013,XV,Metales comunes y sus manufacturas
2,2,0.149374272862388,0.3303771498408855,732111,"Cooking appliances for gas fuel, etc, iron or steel",-0.2583664379077525,0.08349246031389795,0.009406648598524458,False,169610.4,-0.03151946094989383,0.4675803392079343,0.27998941420867424,3.0088159336994025,XV,Metales comunes y sus manufacturas
3,3,0.2695610808527713,0.30995449472426645,732490,"Sanitary ware and parts thereof, iron or steel, nes",0.34449352993866,0.08733221565881298,0.02680800107124604,False,135885.6,0.02464728607469135,0.04950954922036576,1.498417846368466,3.463469769725566,XV,Metales comunes y sus manufacturas
4,4,0.08490749024861542,0.545940492298629,840290,Parts of steam or vapour generating boilers nes,0.3606946940857118,0.07578246141790643,0.10599208506771157,False,1186136.2,0.041841882269830974,0.12202683944589204,0.5560819259324,2.1731227403268605,XVI,"Aparatos mecánicos y eléctricos, sus partes y accesorios"
5,5,0.06605377590224251,0.6060847656592026,840410,Auxiliary plant for steam/vapour generating boilers,0.4304218618076769,0.06676162485396772,0.004388689503973915,False,13984.4,0.17808016799028656,0.34804547991071205,0.5883641863534737,2.5092677605622358,XVI,"Aparatos mecánicos y eléctricos, sus partes y accesorios"
6,6,-0.4864253708980655,-0.053794996979953984,840510,"Producer, water and acetylene gas generators",0.06292646957161106,0.1030937102333809,0.1353178045626464,False,274591.2,-0.027012079997491757,0.3538432409386819,0.8951863791221922,0.5372982622737741,XVI,"Aparatos mecánicos y eléctricos, sus partes y accesorios"
7,7,-0.9120679322311451,-0.13935885744589166,840619,Steam and vapour turbines nes,1.2776426827035339,0.08024083048164973,4.6372928621214995e-05,False,276.0,0.33661544738655225,2.1194394873879494,2.176253197544463,0.9269070953241522,XVI,"Aparatos mecánicos y eléctricos, sus partes y accesorios"
8,8,0.23613991704402074,0.5448839128653045,840999,Parts for diesel and semi-diesel engines,0.8848354047602819,0.09791386333477299,0.6786288035352724,False,78199300.6,0.10405299088449778,2.193454941925447,2.8890755227029272,0.45917991316437434,XVI,"Aparatos mecánicos y eléctricos, sus partes y accesorios"
9,9,-0.06667736331344254,0.5341781736906228,841011,"Hydraulic turbines, water wheels, power < 1000 kW",0.20676251305972337,0.08510244716547806,0.39524306392743286,False,152232.4,0.13910878512426564,0.31112789140570624,1.3387439232572806,0.9295199244148938,XVI,"Aparatos mecánicos y eléctricos, sus partes y accesorios"
10,10,-0.02223917518862131,0.4999515726176247,841012,"Hydraulic turbines, water wheels, power 1000-10000 kW",0.48443019038766183,0.08029971280568116,0.02631271784441544,False,10358.4,0.13026237402592986,0.7276927056259302,1.835632163729923,1.1999725806665544,XVI,"Aparatos mecánicos y eléctricos, sus partes y accesorios"
11,11,0.04424903024192309,0.46594899054954436,841090,Parts of hydraulic turbines and water wheels,0.16498076995206618,0.08981768469687647,0.9419107948783139,False,3727080.0,-0.01770928719042581,2.024643707051514,0.8195210676783431,1.8026494500864592,XVI,"Aparatos mecánicos y eléctricos, sus partes y accesorios"
12,12,-0.5988803167914281,-0.48950115504272124,841181,Gas turbine engines nes of a power < 5000 kW,1.089869372288054,0.09754126487022453,0.039335995216470354,False,322320.6,0.23090233947104133,0.4044719088596346,0.49095433836090924,0.057302356993605454,XVI,"Aparatos mecánicos y eléctricos, sus partes y accesorios"
13,13,-0.6269620982741834,-0.5316174265163015,841182,Gas turbine engines nes of a power > 5000 kW,0.054680078783681606,0.10037796064403952,0.21289796694667498,False,5769586.4,0.26717029276280585,0.0861419684655768,0.9992306480167329,0.11666653056194683,XVI,"Aparatos mecánicos y eléctricos, sus partes y accesorios"
14,14,-0.4545181193325459,0.2118000102256874,841861,Compression refrigeration equipment with heat exchang,1.1206672392069035,0.08310571561659945,0.0026755890275087266,False,20935.8,0.22819438883508897,0.01850675942961116,1.4804161538797935,0.6366891132062887,XVI,"Aparatos mecánicos y eléctricos, sus partes y accesorios"
15,15,0.07460914893708553,0.6480670690403942,841919,"Instantaneous/storage water heaters, not electric nes",0.44802742452968036,0.09728742978510974,0.24582209718927112,False,1554621.6,0.08297528153227463,0.035621480200425416,1.2836515950232887,0.650602991070226,XVI,"Aparatos mecánicos y eléctricos, sus partes y accesorios"
16,16,0.43945668051386144,0.04468267146424441,841950,"Heat exchange units, non-domestic, non-electric",1.4804453988157316,0.08856736895637082,0.1442907317060306,False,5102514.4,0.2870277297990991,0.2552006133632897,1.4895670069005789,0.7042946751056222,XVI,"Aparatos mecánicos y eléctricos, sus partes y accesorios"
17,17,-0.669743556303843,-0.37332850080944,847989,Machines and mechanical appliances nes,2.2411236341942686,0.06011087589086974,0.10669871035778401,False,19223043.0,0.481163047257979,0.2344614087236424,2.1063642703427528,0.5478850755114226,XVI,"Aparatos mecánicos y eléctricos, sus partes y accesorios"
18,18,-0.45543842342650753,0.010292682685929942,850230,"Electric generating sets, nes",1.2045866471419833,0.08612363239768836,0.041262216700778113,False,1555205.0,0.22354091408640162,0.6239572597581955,2.4969123609914243,0.43429305155430364,XVI,"Aparatos mecánicos y eléctricos, sus partes y accesorios"
19,19,-0.5972863030646902,0.291280373537868,850410,Ballasts for discharge lamps or tubes,0.5831780657080049,0.0723941890376477,0.1364041029288783,False,1067498.8,0.144716518150188,0.09344744170467033,1.3794910173910686,2.0768778615218464,XVI,"Aparatos mecánicos y eléctricos, sus partes y accesorios"
20,20,0.1927646162374848,0.4386092426246162,853710,"Electrical control and distribution boards, < 1kV",0.5382960406533014,0.08757176857461989,0.0635439062680636,False,11747220.2,0.08824482320956169,0.155177441010861,2.2791280373681997,0.8529635067514614,XVI,"Aparatos mecánicos y eléctricos, sus partes y accesorios"
21,21,0.06754009596894081,-0.4388685379225864,854140,Photosensitive/photovoltaic/LED semiconductor devices,0.8285991178029719,0.043215613024072036,0.0019813583270554096,False,328072.6,0.14525375600971943,0.0035249384546991746,0.7179919627021579,2.878817556281762,XVI,"Aparatos mecánicos y eléctricos, sus partes y accesorios"
22,22,-0.21281518918738632,-0.5237599014323662,900190,"Prisms, mirrors and optical elements nes, unmounted",1.4785379525036488,0.05595375905451438,0.000749798342227057,False,19721.4,0.309697368103676,0.0037162825481187683,0.8330956861547485,1.7550929188105195,XVIII,"Óptica, fotografía, cinematografía, medición, e instrumentos médicos. Relojes, instrumentos musicales, sus partes y accesorios"
23,23,-0.1722226254306432,-0.4961953341121956,900290,"Mounted lenses, prisms, mirrors, optical elements nes",0.904834743257893,0.060492271580346306,0.043014874070116074,False,326750.6,0.24249035289674625,0.01354009402634468,2.5140029473181276,1.0857286733140592,XVIII,"Óptica, fotografía, cinematografía, medición, e instrumentos médicos. Relojes, instrumentos musicales, sus partes y accesorios"
24,24,-0.507959658979222,-0.3049489387795722,902730,"Spectrometers, spectrophotometers, etc using light",1.9819020122802542,0.07275577827834358,0.04396548497238422,False,573343.0,0.4405971481491695,0.02131282461347694,2.356459978924504,0.26249864194089784,XVIII,"Óptica, fotografía, cinematografía, medición, e instrumentos médicos. Relojes, instrumentos musicales, sus partes y accesorios"
25,25,0.08066106854531904,0.47362719804006503,903210,Thermostats,0.9373441678642335,0.07820735942621486,0.2766106695414705,False,3623317.4,0.17393337409389498,0.15352117129231396,1.5478317454511041,1.3506398866936369,XVIII,"Óptica, fotografía, cinematografía, medición, e instrumentos médicos. Relojes, instrumentos musicales, sus partes y accesorios"
26,26,-0.07676933387031155,-0.7037933023779703,840420,Condensers for steam or vapour power units,-0.22037467851192183,0.07069895989209021,0.021756269549996578,False,24770.8,-0.025070402497658885,0.2526848168889461,0.22325841740039495,2.017445449450178,XVI,"Aparatos mecánicos y eléctricos, sus partes y accesorios"
27,27,0.18675618775555677,0.47900388159111135,840490,"Steam, vapour generating boiler auxiliary plant parts",0.722068293846615,0.08233014765788256,0.004110654160933421,False,11628.4,0.052573300239305835,0.19281189191207965,0.6218977568651903,1.4341670756456997,XVI,"Aparatos mecánicos y eléctricos, sus partes y accesorios"
28,28,0.24524118580477938,-0.44516515795098727,840690,Parts of steam and vapour turbines,1.189109412323364,0.07201050356464796,0.030519456591247714,False,457013.6,0.3062420804895269,0.13116901531279304,1.4227482837164418,1.0403034636874438,XVI,"Aparatos mecánicos y eléctricos, sus partes y accesorios"
29,29,-0.29326653204034014,-0.2023568858142862,841199,Parts of gas turbine engines except turbo-jet/prop,1.805274320563218,0.0818225098797412,0.06550947816574701,False,4743323.8,0.44560531245205753,0.06272968363759941,1.1447539686928176,0.22765198753192806,XVI,"Aparatos mecánicos y eléctricos, sus partes y accesorios"
30,30,-0.5108924753948259,0.024721279712075,841290,Parts of hydraulic/pneumatic/other power engines,0.7826554824069895,0.09032031961238544,0.06210794554799287,False,1569359.4,0.15841023088673245,1.4390651276098132,1.3488211480185388,1.262946836927506,XVI,"Aparatos mecánicos y eléctricos, sus partes y accesorios"
31,31,0.24075923207217778,0.46189765163586327,841780,"Industrial furnace, oven, incinerator non-electric ne",0.46080580085325146,0.08284787637986847,0.29904745557383694,False,1314070.2,0.07422704198978627,0.2452741171694937,0.9615334362950843,2.087567870282263,XVI,"Aparatos mecánicos y eléctricos, sus partes y accesorios"
32,32,0.1560420295668525,0.411654902437174,841790,Parts of industrial or laboratory furnaces/ovens,0.5933131454927401,0.09140565373485188,0.028924901255939633,False,209398.8,0.05456655240735025,0.5608879613178197,1.7987512424786793,1.248471273780644,XVI,"Aparatos mecánicos y eléctricos, sus partes y accesorios"
33,33,0.703084058861223,-0.008390484711084958,841939,"Non-domestic, non-electric dryers nes",1.3349920643936817,0.09354912587405931,1.1301559356049677,True,7255096.6,0.2611261266295468,0.43081751427956316,2.0744243716280644,1.2407399307654916,XVI,"Aparatos mecánicos y eléctricos, sus partes y accesorios"
34,34,0.764090662143504,-0.005361817706780996,841960,Machinery for liquefying air or other gases,0.041031707135613306,0.09548861535423442,1.1032643225388796,True,5773832.4,0.04410725708683639,0.10368910776877852,1.4448675174905286,2.8266149448472584,XVI,"Aparatos mecánicos y eléctricos, sus partes y accesorios"
35,35,-0.3753987331802356,-0.0696855114725054,841989,Machinery for treatment by temperature change nes,0.9121723201418273,0.08389404826025984,0.6750189166658574,False,17964092.2,0.17839395427446847,0.54978165064366,2.464828160729979,0.7640543949866192,XVI,"Aparatos mecánicos y eléctricos, sus partes y accesorios"
36,36,-0.3113062415113631,-0.07325247214893454,841990,"Parts, laboratory/industrial heating/cooling machiner",1.1801329884603708,0.08774851977382149,0.10197650114913483,False,2277788.2,0.2204490334454684,0.1471078143112786,1.3384169545103266,1.0805879373763543,XVI,"Aparatos mecánicos y eléctricos, sus partes y accesorios"
37,37,0.5096711418799038,-0.008592661366926413,842121,Water filtering or purifying machinery or apparatus,0.8697170344302758,0.10046932704719004,0.1654758512826339,False,4472193.4,0.1465619750947199,0.35447520360098844,1.7655345206705466,0.826589904124221,XVI,"Aparatos mecánicos y eléctricos, sus partes y accesorios"
38,38,-0.8430891265687444,-0.04524116654402455,842129,Filtering/purifying machinery for liquids nes,1.5643272501369374,0.08290469462230028,0.19805597330934874,False,5893279.0,0.39694630719337093,1.1257137097128977,2.4943026797071606,0.5574580297683398,XVI,"Aparatos mecánicos y eléctricos, sus partes y accesorios"
39,39,-0.4863872506483295,-0.24966268736604422,842139,Filtering or purifying machinery for gases nes,0.753981143408738,0.08883335362077158,0.07374521316589687,False,5344233.0,0.22217998365915317,0.27656084972710593,2.5163521578572494,0.6223353876735602,XVI,"Aparatos mecánicos y eléctricos, sus partes y accesorios"
40,40,0.33157631744133265,-0.0636163652726715,842199,Parts for filter/purifying machines for liquid/gas,1.261865947808027,0.08807598495142527,0.18354380976203355,False,8296162.4,0.2801497065917331,0.2810973996268307,2.4851937898569036,0.851931363517167,XVI,"Aparatos mecánicos y eléctricos, sus partes y accesorios"
41,41,0.13267977489550548,0.5464659490554401,847420,"Machines to crush or grind stone, ores and minerals",0.2639028684733918,0.09241156251596905,0.018141628627440905,False,197668.4,0.02689673166951763,0.779656880569589,1.7436377018738003,1.6579746280231027,XVI,"Aparatos mecánicos y eléctricos, sus partes y accesorios"
42,42,-0.3161512847215845,-0.03583346409964685,847982,"Machines to mix, knead, crush, grind, etc, nes",1.556650299556181,0.08385457912305586,0.29358258448216185,False,4371873.6,0.3428209321540156,0.3338027665544582,3.2121278018872306,0.7482132527767861,XVI,"Aparatos mecánicos y eléctricos, sus partes y accesorios"
43,43,-0.7129385879347435,-0.3954898026700093,847990,Parts of machines and mechanical appliances nes,2.013471284322055,0.0697652336992011,0.04352639968789692,False,5191276.8,0.4698917580879532,0.05142347553564145,1.206028926257469,0.45669189751574024,XVI,"Aparatos mecánicos y eléctricos, sus partes y accesorios"
44,44,0.14111152777525832,0.48243126662345986,850164,"AC generators, of an output > 750 kVA",0.6696934176733831,0.09689466332229715,0.030319932550589707,False,359664.8,0.10830948569524554,1.6128605697510607,1.80225017033856,0.9189499875816177,XVI,"Aparatos mecánicos y eléctricos, sus partes y accesorios"
45,45,0.20824483957686235,0.400877942823248,850300,Parts for electric motors and generators,0.5464491450155301,0.08997050689359709,0.04997552211472702,False,2924019.2,0.01877748108069993,0.7827980346876875,1.147014005929366,1.6320455114661938,XVI,"Aparatos mecánicos y eléctricos, sus partes y accesorios"
46,46,0.216302782627728,0.5018340055009629,850490,Parts of electrical transformers and inductors,0.3213831346180078,0.08296622011260604,0.036430186684376656,False,1155903.0,-0.03665717872632869,0.08596633048872217,1.2885428285232063,1.7679437904332478,XVI,"Aparatos mecánicos y eléctricos, sus partes y accesorios"
47,47,-0.714079035329283,-0.42608894931117836,851410,Industrial electric resistance heated furnaces & oven,1.8716269272854322,0.06655896281952757,0.14157909618556788,False,796755.6,0.4261744630835071,0.09589276933701635,2.4777592633469814,0.8958289248084089,XVI,"Aparatos mecánicos y eléctricos, sus partes y accesorios"
48,48,-0.5107723805907732,-0.23529610739514684,851420,"Industrial electric induction, dielectric furnace/ove",1.1890654532313336,0.07953084294536696,0.006415689899198521,False,12231.2,0.3021240375579671,0.2632969265464848,2.417974068411805,0.8009328267355118,XVI,"Aparatos mecánicos y eléctricos, sus partes y accesorios"
49,49,-0.7663470518012352,-0.5076210767173455,851430,Industrial/laboratory electric furnaces and ovens nes,1.2534815078004446,0.07508610290075915,0.03375499396642676,False,88747.0,0.3048588896512514,0.28757476899678575,1.500470232575285,1.4022095902218805,XVI,"Aparatos mecánicos y eléctricos, sus partes y accesorios"
50,50,-0.5213888156127848,-0.207852766304297,851490,Parts of industrial/etc electric furnaces/ovens nes,0.8381487265710779,0.08269625178972542,0.04250132959872426,False,213032.8,0.32759868038251666,0.19713998169317376,1.535635264413967,0.8267822344556747,XVI,"Aparatos mecánicos y eléctricos, sus partes y accesorios"
51,51,-0.10608291221340964,-0.43176277345324926,854390,Parts of electrical machines and apparatus nes,0.7663019275832782,0.062194539638792345,0.005630588023869414,False,189883.6,0.15514127140251124,0.06381222990161692,0.5947480805286749,1.4055832636519265,XVI,"Aparatos mecánicos y eléctricos, sus partes y accesorios"
52,52,-0.07758243139612514,-0.49974975456562115,901580,"Surveying, etc instruments nes",-0.6466237013764831,0.10209834453836153,0.06521992710752146,False,948910.0,0.01627578221569316,0.1323551497020112,0.7481644334293424,0.5192398963693535,XVIII,"Óptica, fotografía, cinematografía, medición, e instrumentos médicos. Relojes, instrumentos musicales, sus partes y accesorios"
53,53,-0.33429878665954715,-0.12572251078623733,902610,Equipment to measure or check liquid flow or level,1.3400624520868416,0.084555510792814,0.05368745449242761,False,984809.4,0.335609521583506,0.31526832851974107,2.3566927057191234,0.4824544946710782,XVIII,"Óptica, fotografía, cinematografía, medición, e instrumentos médicos. Relojes, instrumentos musicales, sus partes y accesorios"
54,54,-0.396762444740852,-0.25659000523911846,902620,Equipment to measure or check pressure,1.6777281838062588,0.08237369694937459,0.033377358949336126,False,1030664.8,0.40801470280289026,0.2264971706627936,2.650112303917049,0.6437487833772376,XVIII,"Óptica, fotografía, cinematografía, medición, e instrumentos médicos. Relojes, instrumentos musicales, sus partes y accesorios"
55,55,-0.38228679582166336,-0.010859702390300896,902680,"Equipment to measure, check gas/liquid properties nes",1.299487588600264,0.08661244622242532,0.03734181383124374,False,449242.6,0.27800249385608944,0.05902695896863303,2.7350651615796444,0.29091146287098896,XVIII,"Óptica, fotografía, cinematografía, medición, e instrumentos médicos. Relojes, instrumentos musicales, sus partes y accesorios"
56,56,-0.1600329937642954,-0.22306433068383802,902690,Parts of equipment to measure or check fluid variable,1.3264362184167022,0.08130451531393133,0.038230964426028344,False,538298.4,0.3394456456899204,0.1247368804778107,1.5894180183899334,0.7806713322417419,XVIII,"Óptica, fotografía, cinematografía, medición, e instrumentos médicos. Relojes, instrumentos musicales, sus partes y accesorios"
57,57,-0.8040236503030992,-0.11468199469817844,902710,Gas/smoke analysis apparatus,1.8172279914251677,0.07621094656893872,0.023876931679995703,False,462983.8,0.45992622792325233,0.3062328717823347,3.790189808559863,0.20444394111503456,XVIII,"Óptica, fotografía, cinematografía, medición, e instrumentos médicos. Relojes, instrumentos musicales, sus partes y accesorios"
58,58,-0.639077840281102,-0.3373533626403971,902720,"Chromatographs, electrophoresis instruments",1.6956546502562568,0.07104454244501238,0.014027524084766334,False,106725.6,0.48741234930980787,0.032372024240635,1.2786357796190897,0.6546903293551731,XVIII,"Óptica, fotografía, cinematografía, medición, e instrumentos médicos. Relojes, instrumentos musicales, sus partes y accesorios"
59,59,-0.5344701471644107,-0.3671820248401356,902750,Instruments nes using optical radiations,1.8824041475739202,0.07641417101851125,0.06889551226486362,False,1828828.4,0.425706902617591,0.016900553437931214,2.3638181976411032,0.27991445342411675,XVIII,"Óptica, fotografía, cinematografía, medición, e instrumentos médicos. Relojes, instrumentos musicales, sus partes y accesorios"
60,60,-0.6757230857206115,-0.25137576613688833,902780,"Equipment for physical or chemical analysis, nes",2.1042981401328182,0.07308429598322964,0.05353513717331687,False,2090315.4,0.4548091986397632,0.03708049611826307,2.0752607436454777,0.4512356963569579,XVIII,"Óptica, fotografía, cinematografía, medición, e instrumentos médicos. Relojes, instrumentos musicales, sus partes y accesorios"
61,61,-0.6098665697596722,-0.31042935681198913,902790,"Microtomes, parts of scientific analysis equipment",2.152726835560107,0.07453795433468904,0.03233111999993072,False,1160720.6,0.495474716524929,0.10380934355113286,1.9080304336074605,0.4197378559637555,XVIII,"Óptica, fotografía, cinematografía, medición, e instrumentos médicos. Relojes, instrumentos musicales, sus partes y accesorios"
62,62,-0.07740710823305702,-0.37933037151516263,903180,"Measuring or checking equipment, nes",1.3576587887834788,0.07411064646672752,0.09946859311744871,False,7330645.4,0.31592111385447097,0.1265636061365486,2.5580446953593534,0.7443796098232396,XVIII,"Óptica, fotografía, cinematografía, medición, e instrumentos médicos. Relojes, instrumentos musicales, sus partes y accesorios"
63,63,-0.11571175205731928,-0.3469658685181168,903190,"Parts and access for measuring, checking equipment ne",1.6525679189997233,0.07331989179394621,0.05268582676481586,False,1302016.8,0.35531176455068386,0.06608283738899327,1.9843351541594063,0.6017604865457558,XVIII,"Óptica, fotografía, cinematografía, medición, e instrumentos médicos. Relojes, instrumentos musicales, sus partes y accesorios"
64,64,-0.12214126476396929,-0.46607283706424807,903289,Automatic regulating/controlling equipment nes,1.3518234636054178,0.07972934767689424,0.1293137886224778,False,9558820.8,0.3041444008277045,0.546704576254786,1.4952422563692767,0.7241876899429835,XVIII,"Óptica, fotografía, cinematografía, medición, e instrumentos médicos. Relojes, instrumentos musicales, sus partes y accesorios"
65,65,0.3576078175205109,-0.08007414099850989,903290,Parts and accessories for automatic controls,0.7278379829319586,0.08642752509948814,0.04132179616930998,False,757761.2,0.15490566194806263,0.10386424071052441,1.111489986831028,0.78103477755327,XVIII,"Óptica, fotografía, cinematografía, medición, e instrumentos médicos. Relojes, instrumentos musicales, sus partes y accesorios"
66,66,-0.43756632460170963,-0.06062651134062368,903300,Parts/accessories nes for optical/electric instrument,0.862152128487673,0.09042024980428294,0.02559389653899924,False,251672.2,0.0973094534744298,0.06858649404392886,1.21963522084795,0.7429462977169868,XVIII,"Óptica, fotografía, cinematografía, medición, e instrumentos médicos. Relojes, instrumentos musicales, sus partes y accesorios"
67,67,0.26624060432288577,0.1796723801898389,441830,"Parquet panels and tiles, of wood",0.2787215129402041,0.09875722608178027,0.0064573281355317785,False,33487.4,-0.009934662716749022,0.5674940597644519,1.125743043559362,1.057396977832329,IX,"Productos de madera, carbón de madera, o corcho. Fabricaciones de paja u otros materiales trenzados"
68,68,0.07384743099065384,-0.482027836667109,901380,"Optical devices, appliances and instruments, nes",0.9023819801641044,0.034949995489166885,0.00048417337847164613,False,91238.8,0.19031767655443235,0.003207337579437682,0.057896906837480853,3.386723303313858,XVIII,"Óptica, fotografía, cinematografía, medición, e instrumentos médicos. Relojes, instrumentos musicales, sus partes y accesorios"
69,69,0.10029464249175091,-0.46402198485616075,901390,Parts and accessories of optical appliances nes,0.4326819939278532,0.05954072705218671,0.0016555721323652137,False,39568.2,0.20091008002491387,0.0028030661102902694,0.774363759796777,1.9343938800461153,XVIII,"Óptica, fotografía, cinematografía, medición, e instrumentos médicos. Relojes, instrumentos musicales, sus partes y accesorios"
70,70,0.16690638148435377,0.2555327977265026,732510,"Cast articles, of non-malleable cast iron nes",0.3599922322171536,0.095573505139506,0.043158885206312676,False,394292.4,-0.026906556535667724,0.20475093325628804,2.009022918222156,1.3232715193342781,XV,Metales comunes y sus manufacturas
71,71,0.06811719247608046,-0.31589487925849935,840991,Parts for spark-ignition engines except aircraft,1.1572451436141689,0.08551497628287866,0.4317969818511138,False,47877099.6,0.2322347933110888,0.91314606019136,2.156960137891903,0.6146809823572632,XVI,"Aparatos mecánicos y eléctricos, sus partes y accesorios"
72,72,-0.006959010724524297,0.5241015405951635,841013,"Hydraulic turbines, water wheels, power > 10000 kW",0.9444349469527137,0.10136919164289654,2.0895631582980885,True,1786577.8,0.236177777426371,12.873854062332063,1.7656737396998452,1.2284120715022873,XVI,"Aparatos mecánicos y eléctricos, sus partes y accesorios"
73,73,-0.9466615692059946,0.04739200665407795,841320,Hand pumps not designed to measure flow,0.10194275005026285,0.07867886224420363,0.17734370620038703,False,455947.8,0.17894802180245759,0.08510307165460387,1.154180151897871,2.8227108718961698,XVI,"Aparatos mecánicos y eléctricos, sus partes y accesorios"
74,74,-0.4660573534593387,-0.2176479681196923,841350,Reciprocating positive displacement pumps nes,1.0543306457179349,0.08119018200817876,0.3362836737807653,False,8812390.6,0.3446924074523259,0.11774020900483416,2.7283892764743305,0.5825736557284731,XVI,"Aparatos mecánicos y eléctricos, sus partes y accesorios"
75,75,-0.42566466078726795,-0.2062477545767902,841360,Rotary positive displacement pumps nes,1.2936015636950087,0.08626604400452688,0.3643204415780263,False,7834458.0,0.35408093460166623,0.5937918888899046,2.3938815618290636,0.9764908977405781,XVI,"Aparatos mecánicos y eléctricos, sus partes y accesorios"
76,76,-0.2527479068783531,-0.07397120245422505,841370,Centrifugal pumps nes,1.3333837914732718,0.08482490460349183,0.9513645089575034,False,45001629.2,0.3256369764917964,0.5289599018551003,1.6579248557935546,1.2331093011947947,XVI,"Aparatos mecánicos y eléctricos, sus partes y accesorios"
77,77,0.09314402597663689,-0.2356192829422689,841381,Pumps nes,0.625870835285457,0.09191605623993372,0.14352682557115648,False,2093961.4,0.12146554648344639,0.22043883311159795,0.7576906030220943,0.7039159634946467,XVI,"Aparatos mecánicos y eléctricos, sus partes y accesorios"
78,78,-0.554494628972694,0.28382526174575856,841410,Vacuum pumps,1.7009822547088151,0.06624651196177497,0.24027625519437829,False,3474490.2,0.40944618630145396,0.241264983833994,2.857983829353484,0.40521350130480815,XVI,"Aparatos mecánicos y eléctricos, sus partes y accesorios"
79,79,0.07697355051282896,-0.40853682271913316,841430,Compressors for refrigerating equipment,1.2931830959296093,0.08093682398840168,0.0638709848315226,False,3036650.0,0.2407038072231314,2.3300636201284552,0.8652280847014941,1.7205908762400743,XVI,"Aparatos mecánicos y eléctricos, sus partes y accesorios"
80,80,0.3910503517454817,-0.5775435585169902,841440,Air compressors mounted on wheeled chassis for towing,-0.07991139567997489,0.08735210400093352,0.3921092334514039,False,1000731.2,0.08406852934317842,0.2961922501162968,1.3625552564073562,1.111068499518569,XVI,"Aparatos mecánicos y eléctricos, sus partes y accesorios"
81,81,0.061402657246385724,-0.23160366769962973,841480,"Air or gas compressors, hoods",1.3938329151577102,0.0895147966745574,0.29633885285274114,False,20485047.4,0.3310798675331261,0.5714379839831293,2.0645115670180183,0.8664191446790545,XVI,"Aparatos mecánicos y eléctricos, sus partes y accesorios"
82,82,0.2088023758317642,-0.15614111028047262,841490,"Parts of vacuum pumps, compressors,fans,blowers,hoods",1.436241313865761,0.08438901531091368,0.06852167069653392,False,3586230.4,0.3062887645336002,0.3406161839545805,1.131628704439192,0.8572960244803828,XVI,"Aparatos mecánicos y eléctricos, sus partes y accesorios"
83,83,-0.34051256224762694,-0.03264312173065752,842119,Centrifuges nes,1.0022962786138854,0.0796165539210182,0.22211116791366983,False,1569059.4,0.2853879885533598,0.17422646857292862,4.510240448472687,0.7557147972570041,XVI,"Aparatos mecánicos y eléctricos, sus partes y accesorios"
84,84,-0.4701845002671921,0.1776891188273955,842191,"Parts of centrifuges, including centrifugal dryers",1.593717123532281,0.08649981872806156,0.14396997417610993,False,466834.6,0.3645383393797101,0.08900251403024832,3.000897399164106,0.3854387457979617,XVI,"Aparatos mecánicos y eléctricos, sus partes y accesorios"
85,85,-0.32291000336470144,-0.008770893416090508,842220,Machinery for cleaning/drying bottles/containers nes,1.1285867028760306,0.08758047877307996,0.6258085224511007,False,1362175.6,0.2345293345707578,0.30131990654218016,3.3906368075020787,0.41455635336292035,XVI,"Aparatos mecánicos y eléctricos, sus partes y accesorios"
86,86,0.2557926630736559,0.16050883505971528,847439,"Mixing, kneading machines for minerals except bitumen",-0.6074271912335922,0.10204449094231974,0.33583971867679596,False,692894.0,-0.09101578043791224,0.533038712768476,2.319149110376839,1.3530305242502432,XVI,"Aparatos mecánicos y eléctricos, sus partes y accesorios"
87,87,0.4943566454682404,0.04688365321050219,848110,"Valves, pressure reducing",1.063579882602661,0.09023662572685914,0.7366033247921849,False,8130511.0,0.2286124605012459,0.2887548896674654,1.4281462583589932,0.6102977970418432,XVI,"Aparatos mecánicos y eléctricos, sus partes y accesorios"
88,88,0.3398691638665417,-0.23050885636157614,848130,"Valves, check",1.3355872628045677,0.07285491751360419,0.09313726575282352,False,890410.0,0.3807921022176929,0.20289698430745767,1.6539008895128964,1.1109761016473179,XVI,"Aparatos mecánicos y eléctricos, sus partes y accesorios"
89,89,-0.1372092859443976,-0.20752706472308183,848140,"Valves, safety or relief",1.7912490209667884,0.07961672277113797,0.12622358717349524,False,1846046.2,0.41132863861570823,0.15672771221003257,1.8004838223284476,0.2991409222337171,XVI,"Aparatos mecánicos y eléctricos, sus partes y accesorios"
90,90,-0.3437124782581993,0.053810121626352125,848180,"Taps, cocks, valves and similar appliances, nes",1.2014569433279965,0.0855409758880829,0.3255436571963267,False,57450141.6,0.26730076295514166,0.8322481103082735,1.470123947098987,1.4080373091426388,XVI,"Aparatos mecánicos y eléctricos, sus partes y accesorios"
91,91,0.37979982707076787,-0.09798243028555247,850440,"Static converters, nes",1.0786618357432018,0.06455580248493564,0.02045418275094766,False,3541438.0,0.2198376378089964,0.12853461847526546,1.1986524209324156,2.7123204801226843,XVI,"Aparatos mecánicos y eléctricos, sus partes y accesorios"
92,92,-0.12739976518773033,-0.48712818712901923,854380,"Electrical machines and apparatus, nes",1.4825315513499653,0.06371279512366451,0.046021562823247916,False,5137076.8,0.3631304893178392,0.06287785019759858,1.0879039127022905,2.4916081666286143,XVI,"Aparatos mecánicos y eléctricos, sus partes y accesorios"
93,93,-0.2589227772634154,-0.5126380102272803,902511,"Thermometers, liquid-filled",1.2164765886848787,0.06824452500816364,0.06056980492942686,False,33694.2,0.2762052427728155,0.15602765168059202,1.9080417500481333,2.893021149956662,XVIII,"Óptica, fotografía, cinematografía, medición, e instrumentos médicos. Relojes, instrumentos musicales, sus partes y accesorios"
94,94,-0.3839680107961208,-0.05600552360783917,902519,"Thermometers, except liquid filled",0.8341989214047058,0.07064804244212551,0.055651971603004224,False,541899.8,0.24093315621077052,0.0687476121740761,2.0476355830097273,1.6638705203379234,XVIII,"Óptica, fotografía, cinematografía, medición, e instrumentos médicos. Relojes, instrumentos musicales, sus partes y accesorios"
95,95,-0.051671680913763625,-0.42410043939192615,902580,"Hydrometer, pyrometer, hygrometer, alone or combined",0.9501564322744004,0.07415168773685116,0.03734658818956811,False,144595.8,0.2030022263023783,0.1425561430234893,2.0897499688766277,1.2644590371613438,XVIII,"Óptica, fotografía, cinematografía, medición, e instrumentos médicos. Relojes, instrumentos musicales, sus partes y accesorios"
96,96,0.5765573684693085,0.09009872363948453,902810,Gas supply/production/calibration meters,0.25932361046457286,0.12281456745918619,2.846930193598844,True,7804399.6,0.08052826276101567,0.36379646378928165,3.2439352764039513,0.48641002833811536,XVIII,"Óptica, fotografía, cinematografía, medición, e instrumentos médicos. Relojes, instrumentos musicales, sus partes y accesorios"
97,97,0.07664252617228344,0.5645283141446787,902820,"Liquid supply, production and calibrating meters",0.591192351229508,0.08923547892804046,0.020391215323526234,False,92154.4,0.0747035380696748,1.6742826597763336,1.7175303160485502,1.0596443701187872,XVIII,"Óptica, fotografía, cinematografía, medición, e instrumentos médicos. Relojes, instrumentos musicales, sus partes y accesorios"
98,98,-0.5662029199207638,-0.4315033939904606,903010,Instruments to measure or detect ionising radiations,1.0523507846783893,0.09411528463693897,0.09438010843502125,False,402490.8,0.2758885324797905,0.019187152646864162,2.5884994136358004,0.11147642976670018,XVIII,"Óptica, fotografía, cinematografía, medición, e instrumentos médicos. Relojes, instrumentos musicales, sus partes y accesorios"
99,99,-0.5228375566485576,0.23087780962596874,903220,Manostats,1.3842236741654568,0.07576450532597383,0.03227859804717803,False,147172.8,0.32100712076667687,0.11768590876006951,6.2796190053641245,0.19712580796741586,XVIII,"Óptica, fotografía, cinematografía, medición, e instrumentos médicos. Relojes, instrumentos musicales, sus partes y accesorios"
100,100,0.11668940631150652,-0.6759873544548922,903281,Hydraulic and pneumatic automatic controls,1.3347467207863173,0.06287136314173891,0.0557431355489269,False,458487.8,0.06279298570191914,0.07922109098664529,6.537880014216662,0.38320496060201586,XVIII,"Óptica, fotografía, cinematografía, medición, e instrumentos médicos. Relojes, instrumentos musicales, sus partes y accesorios"
101,101,0.24495077305670956,0.5701982013974438,252100,Limestone materials for manufacture of lime or cement,-0.9113640302328699,0.09883947106220627,0.11801060870388579,False,331256.8,-0.14180051403264748,0.03326528604936271,0.09221539994489872,0.1297500990335405,V,Productos minerales
102,102,0.503044928570037,0.6429535077606715,252220,Slaked lime,-0.7714384641546641,0.1341707322355397,1.1994103734972466,True,935327.4,-0.09372798489993847,0.3354291442297018,0.8333333513455831,0.5165929393745818,V,Productos minerales
103,103,-0.4114415157660614,-0.24325145215198704,281610,Magnesium hydroxide and peroxide,0.7962056128676807,0.08649061889433664,0.0,False,0.0,0.3021476157682979,0.049770922417322665,0.9739712525096609,0.6007176398239278,VI,Productos químicos y aliados
104,104,-0.3876404482814716,0.14728079557250395,701990,"Glass fibres, glass wool and articles thereof nes",-0.03153634427896332,0.09703661683673488,0.061512916365460475,False,544607.6,-0.028169972375261355,0.09894534409435563,0.947349872485773,1.4726448458253634,XIII,"Artículos de piedra, yeso, cemento, amianto, mica, cerámicos, y vidrios"
105,105,0.46513199403012767,0.04131701454040756,842490,Parts for sprays and powder dispersers,0.9824952289546592,0.10230032968401918,1.523649528017425,True,26818704.0,0.20478194351676862,0.28424183651241514,1.8327396634180448,1.034169227752078,XVI,"Aparatos mecánicos y eléctricos, sus partes y accesorios"
106,106,0.5275082436895044,0.6493579918864788,280110,Chlorine,-0.7387551697527817,0.11719389109936436,0.11919948055288078,False,70393.2,-0.1140038117901034,0.002338306663092296,0.6036324678310143,0.21193916797829485,VI,Productos químicos y aliados
107,107,-0.18911081496259746,-0.6945603668306328,281410,Anhydrous ammonia,-1.2183766555900306,0.12167692619562265,0.3354555464066591,False,8498071.4,-0.01331263845997388,0.18336269608608408,0.18675800562474115,0.007124843590319853,VI,Productos químicos y aliados
108,108,-0.1716284436020045,0.19220364281491628,281511,Sodium hydroxide (caustic soda) solid,-1.2784528663274006,0.1272565050094615,1.1304684145719675,True,2985298.4,-0.11273080610124461,0.06317357634472531,0.467786319966892,2.933506237217336,VI,Productos químicos y aliados
109,109,-0.1497824307306127,-0.5560765856822756,281512,Sodium hydroxide (caustic soda) in aqueous solution,0.507884066161737,0.09429984534860004,0.6982657998138059,False,9612530.8,0.23856263804377223,0.16833513702233197,1.5382538250952889,0.6504458249998569,VI,Productos químicos y aliados
110,110,0.4226803512777859,0.1902427646262973,281830,Aluminium hydroxide,0.2295296748126432,0.10844210671556972,0.007314430466103107,False,36566.0,0.017068886482530493,7.01528800331735,2.6328948035467623,0.7261884026223313,VI,Productos químicos y aliados
111,111,0.26170474043255854,-0.5223301407175973,282010,Manganese dioxide,-0.5112538929763046,0.08126094748432795,0.0,False,0.0,0.04589780079965214,0.2826971980752761,0.07440354244733373,2.648331646792184,VI,Productos químicos y aliados
112,112,-0.955313103484909,0.016378381156791685,282090,Manganese oxides other than manganese dioxide,0.39960186918236523,0.0969733354534228,0.0033683454958613455,False,1663.6,0.1080351189241988,3.8920046963814023,0.1317914318596582,0.41870067651715087,VI,Productos químicos y aliados
113,113,-0.053027894348370255,0.5812666981655856,282410,"Lead monoxide (litharge, massicot)",-0.42993656354766596,0.13466876053390814,1.2768206653955883,True,307809.0,0.08937631232685475,1.6148343968810834,1.8671934651138058,0.22204518270560716,VI,Productos químicos y aliados
114,114,-1.0,0.06870107184407508,283210,Sodium sulphites,-0.7113388940467887,0.07615293980199009,0.07863762530728448,False,81792.2,-0.005676727626558471,0.06556755246736569,2.4342934975924435,2.057029750682688,VI,Productos químicos y aliados
115,115,-0.5475425622665862,-0.24653345684707667,283220,Sulphites of metals other than sodium,0.10429522700960037,0.08769455288761373,0.05522458354744366,False,15598.8,0.20129317839827718,0.46144959807094466,2.268923424759878,0.8546204274847914,VI,Productos químicos y aliados
116,116,0.8002526956378272,-0.043706638441371286,283510,Phosphinates and phosphonates,0.4846035974331098,0.06285849696451885,0.0020801200727107476,False,1138.8,0.035752490534607446,0.09059450660052693,0.3745984394016937,4.369984046463357,VI,Productos químicos y aliados
117,117,0.5416372749521389,-0.0030744954869976623,283529,Phosphates of metals nes,-0.13933684268445512,0.09875355581110835,0.02885638348119732,False,23097.6,-0.010739654062239591,0.07065422129554202,2.644644079268775,0.9934274826243087,VI,Productos químicos y aliados
118,118,-0.1461909666101749,-0.5347898197474005,283524,Potassium phosphates,0.5007141118654899,0.07465811628039593,0.006893733807834465,False,6845.2,0.18385559121691977,0.01798789346430567,1.0021088772050164,3.155998457876445,VI,Productos químicos y aliados
119,119,-0.486521930265477,0.04266400556785845,283525,Calcium hydrogen-orthophosphate,-0.22988487732198926,0.08925591716903274,0.006138089628891471,False,9304.6,0.059646076121403185,0.4884578780231866,1.10312525127149,2.2971591058193206,VI,Productos químicos y aliados
120,120,0.2205666121099694,0.6328646682031288,283526,Calcium phosphates except hydrogen-orthophosphate,-0.19736773223778417,0.11701488531302841,0.09892609305427345,False,369666.2,-0.08644331438449787,1.1375098743727303,0.7463746104221677,0.8685162507936245,VI,Productos químicos y aliados
121,121,-0.20686906408438044,-0.5861153570591685,380210,Activated carbon,-0.3881512640822785,0.07406727448553364,0.017399587647099386,False,96100.2,0.01802318288444286,0.08441117136890725,0.5189373667896816,1.584448332468451,VI,Productos químicos y aliados
122,122,0.13269383085901643,0.36883081733608414,392690,Plastic articles nes,0.6538734004784088,0.08965554625659933,0.1014233357840711,False,19947013.0,0.0790680460787482,0.14284283569806044,1.6570626437768396,1.4471508160089523,VII,"Plásticos, caucho, y sus manufacturas"
123,123,0.14845035528915138,0.3601713909485415,580190,"Woven pile, chenille fabric of yarn nes, except terry",-0.6145002076401427,0.07343952856657067,0.01235970399686498,False,4802.8,-0.09288113903450117,0.01756464245723589,0.24235740320902247,2.635072536506138,XI,Textiles y artículos textiles
124,124,0.39605149141693635,0.42466017644976223,730900,"Reservoirs/tanks/vats/etc, iron/steel capacity >300l",-0.1042375234638601,0.10821536304163205,0.3929596271575807,False,5312865.2,-0.06117243967085408,0.8677563817292315,1.024803440597802,0.7243890151175084,XV,Metales comunes y sus manufacturas
125,125,0.5572866532162821,0.5330669772364517,731010,"Tank, cask or container, iron/steel, capacity 50-300l",-0.13328189322855524,0.10776233817340608,0.24412225093433287,False,1281848.2,-0.05413019535899061,0.24933324863059883,1.4667193971598336,0.4315711214124754,XV,Metales comunes y sus manufacturas
126,126,0.5401160122636328,0.49632239730154204,731021,"Cans, iron/steel, capacity <50l closed by crimp/solde",-0.3679011947462999,0.11118488003032577,0.07608090338993152,False,614397.4,-0.11047350647377246,0.10398103152416402,0.7981275672260237,0.9719154210028397,XV,Metales comunes y sus manufacturas
127,127,0.6173356248718581,0.5630476546732486,731029,"Cans, iron or steel, capacity <50 litres nes",-0.3285277962181596,0.09850532279386191,0.10550083378618116,False,852609.8,-0.1559278270785826,0.3385000199549896,1.3788339409561121,1.4881190492741532,XV,Metales comunes y sus manufacturas
128,128,-0.6591754835318611,-0.3275340001842529,842381,Weighing machinery having a capacity < 30 kg nes,0.5933095743010225,0.06708095233636908,0.10829034547152024,False,289331.8,0.1660985586620602,0.05975171761155454,3.407480064242185,2.2254399434952545,XVI,"Aparatos mecánicos y eléctricos, sus partes y accesorios"
129,129,-0.5082845976137571,-0.15334469398580178,842382,Weighing machinery having a capacity of 30-5000 kg,1.5362667242070158,0.06998367418358514,0.3597653032819095,False,761874.6,0.3767320184877196,0.08196152080090263,1.5448457954612573,1.7159926631655185,XVI,"Aparatos mecánicos y eléctricos, sus partes y accesorios"
130,130,0.49649092042915693,0.5648985460545813,842389,"Weighing machinery, nes",-0.007364305429789984,0.11106369145531554,1.1835342189745326,True,1052360.0,-0.09927480205477811,0.25998509982654844,0.6825154648385665,1.309361662051706,XVI,"Aparatos mecánicos y eléctricos, sus partes y accesorios"
131,131,0.34011664599619956,0.1451511891554658,681099,"Articles of cement, concrete or artificial stone nes",-0.252963712545268,0.08780078095525273,0.01845781420712178,False,269692.8,-0.09333080207638984,0.10412366979920219,0.9557983615149831,2.577516170243755,XIII,"Artículos de piedra, yeso, cemento, amianto, mica, cerámicos, y vidrios"
132,132,0.7086522258981242,0.6270514393392198,780600,Articles of lead nes,-0.8304743462481701,0.11340682239754572,0.3825410089085127,False,488616.2,-0.04518431737540744,0.48127027513312554,1.2057015722724287,0.4402300449644822,XV,Metales comunes y sus manufacturas
133,133,0.45811730438541,-0.2899630438734748,851629,Electric space heating nes and soil heating apparatus,0.20998398772466995,0.08425755977176522,0.017382578778058884,False,182234.2,-0.015800337375730222,0.004785697279077783,0.8647593088020525,3.8792387348860786,XVI,"Aparatos mecánicos y eléctricos, sus partes y accesorios"
134,134,-0.7733698960796043,-0.2825114809601192,901320,"Lasers, other than laser diodes",1.7934841257053278,0.06836703177805678,0.0032242316761852204,False,64819.6,0.4247115639350105,0.0061314782211680146,3.3903931655195056,0.5703292474642857,XVIII,"Óptica, fotografía, cinematografía, medición, e instrumentos médicos. Relojes, instrumentos musicales, sus partes y accesorios"
135,135,-0.2119479687169269,0.23263342510784096,392490,"Plastic household, toilet articles not table, kitchen",-1.4099754297019846,0.10222891989337982,0.05202586377947763,False,1339828.2,-0.1687124890688875,0.17464984771242448,0.569994958513936,3.553967266357511,VII,"Plásticos, caucho, y sus manufacturas"
136,136,-0.06369709368942975,0.05913093044572259,960310,Brooms/brushes of vegetable material,-1.3042360309848595,0.09119293225024973,0.03779552309889779,False,21058.8,-0.306940812593857,0.07659515156885692,0.1308325139323721,2.096908465752823,XX,Artículos varios fabricados
137,137,-0.36929994343535344,0.07678486204038733,960350,"Brushes nes, as parts of machines, appliances etc",0.6056690086497998,0.08233220908790574,0.10867867165488612,False,302538.2,0.14847173075325573,0.15898323499155526,2.815925380059725,1.462835149284374,XX,Artículos varios fabricados
138,138,-0.39234487427048115,0.07913585059532378,960390,"Brushes, parts, nes",-0.96547474590232,0.08489734752574407,0.11114670632387688,False,1124898.2,-0.09402201470690996,0.2703546411833712,0.9527592379587034,4.136696664128231,XX,Artículos varios fabricados
139,139,0.5895247904894152,0.5000747113223971,392020,Sheet/film not cellular/reinf polymers of propylene,-0.3894207082064348,0.10781951162134651,0.2943873321768124,False,9399430.6,-0.13715623621452458,0.46019703179832483,1.4285445965465073,0.5330485459309098,VII,"Plásticos, caucho, y sus manufacturas"
140,140,0.37760836479410603,0.19102013522828432,870892,Mufflers and exhaust pipes for motor vehicles,0.7069008475975859,0.09224262744584957,0.05704151470272065,False,1709875.6,0.116676125417895,0.17661600398597416,2.1953335172288773,0.5064635863472894,XVII,"Vehículos, aviones, buques y equipos de transporte asociados"
141,141,0.6053544604568799,-0.07951302809712757,284700,Hydrogen peroxide,-0.1455796913531071,0.10081264059150255,0.04779784297181641,False,116398.6,0.002470183720894175,5.660954538106089,0.8309154168766784,0.06263381768201767,VI,Productos químicos y aliados
142,142,0.48489160501857287,0.507737511216838,320910,"Acrylic & vinyl polymer based paint, varnish, in wate",0.1846951041770981,0.10933035995231623,0.35498903137154253,False,3997762.6,-0.030148530935034033,0.6297775389045438,2.5188485698822736,0.07239561851063132,VI,Productos químicos y aliados
143,143,0.5485258089542878,0.6003439131699593,320990,"Polymer based paints & varnishes nes, aqueous medium",0.13984695047219325,0.11060519490178125,0.2328750999270208,False,2254866.4,0.042413533201856674,0.26842772297394885,2.264664337101531,0.2277871165312281,VI,Productos químicos y aliados
144,144,0.5648451964682158,-0.02831454838930567,220110,Mineral and aerated waters not sweetened or flavoured,-0.4106519795416008,0.10843118479724977,0.008383630187978618,False,68939.2,-0.036555810445876954,0.010098715369124751,0.4629798954228506,0.15504742987420272,IV,"Alimentos preparados, bebidas y tabaco"
145,145,-0.24866099845363987,-0.5432911524491976,285100,"Inorganic compounds,liquid/compressed air,amalgams ne",1.3757743864837366,0.052750181577317055,0.010301298209579418,False,55249.6,0.23833235642965644,0.06548994997293715,0.6551861590501195,1.747798697954905,VI,Productos químicos y aliados
146,146,-0.754867196160283,-0.4732655043000308,391400,Ion exchangers based on polymers in primary forms,1.564757797501738,0.06866929285208581,0.018203923727326748,False,91961.2,0.4056967525702333,0.06815513485623943,1.5420534358858549,1.0661309413666331,VII,"Plásticos, caucho, y sus manufacturas"
147,147,0.11155809215211904,-0.48661588269033623,841911,Instantaneous gas water heaters,0.2983262700840461,0.06272600856023165,0.16461082133329535,False,677617.2,0.13502799917980143,0.05845597224034277,0.34745124451585985,1.7368341409377064,XVI,"Aparatos mecánicos y eléctricos, sus partes y accesorios"
148,148,-0.1766103458990996,-0.6493923245479634,290511,Methyl alcohol,-1.1465279386925902,0.1272853613523333,0.7625352785130196,False,23247433.4,0.0329905976437168,0.0004587411850198282,0.16296051545933715,0.08796226522294641,VI,Productos químicos y aliados
149,149,0.5697704416090011,0.6009167155561042,220710,Undenatured ethyl alcohol > 80% by volume,-1.2898471015591086,0.1289129541373379,0.6415489170176514,False,13177717.2,-0.05089781436856816,11.315692237214991,0.43862710549793954,0.04470441336677544,IV,"Alimentos preparados, bebidas y tabaco"
150,150,-0.8984532726837294,0.00871922548320989,381511,"Supported catalysts, nickel based",1.061680964676893,0.08505919793282053,0.19203973740685762,False,711500.4,0.35206736398124683,0.05850531361251168,1.5749006098163203,0.039265004807256365,VI,Productos químicos y aliados
151,151,0.2650683997218129,0.4432569281879669,700800,Multiple-walled insulating units of glass,0.5185207702557594,0.09673217417655786,0.0171603559973106,False,102823.0,0.027928304999835667,0.06951789844806877,2.53463474670906,1.0004061662042942,XIII,"Artículos de piedra, yeso, cemento, amianto, mica, cerámicos, y vidrios"
152,152,0.112877670564628,-0.6459608629257754,853931,"Fluorescent lamps, hot cathode",0.38629136941010533,0.07050999372337663,0.03671909812942917,False,429089.4,0.07688160492337279,0.03704977471193732,0.6866988197208691,4.91092900658837,XVI,"Aparatos mecánicos y eléctricos, sus partes y accesorios"
153,153,0.5601787645983057,-0.04984402628936021,390940,"Phenolic resins, in primary forms",1.2759713683773402,0.09305698435152011,0.6862437443539801,False,4425375.0,0.2527599320383236,0.8712304808338639,1.3576971950472354,0.6297301943588639,VII,"Plásticos, caucho, y sus manufacturas"
154,154,0.4946151405195403,0.5879139330665998,392010,Sheet/film not cellular/reinf polymers of ethylene,-0.0893475778991684,0.12342073434637983,1.1612042791027581,True,60510885.4,-0.08214237566994408,0.48428926236857495,1.7697544045148759,0.6120152810362542,VII,"Plásticos, caucho, y sus manufacturas"
155,155,0.40461820017725386,0.3847727859471594,450410,"Blocks, sheets, strip and tiles of agglomerated cork",-0.8951089866858598,0.09536350483612355,0.0019106554421994104,False,4337.2,0.03855479552933373,0.007229826097974653,0.3130697381487251,0.16796514610141305,IX,"Productos de madera, carbón de madera, o corcho. Fabricaciones de paja u otros materiales trenzados"
156,156,-0.2860115605647326,-0.8202130072901693,530310,"Jute and other textile bast fibres, raw or retted",-2.7603330072480614,0.08195571869531292,0.0,False,0.0,-0.011145256405172832,0.05828282942953202,0.15150420664073755,0.5440903264735902,XI,Textiles y artículos textiles
157,157,-0.5654716696813957,-0.2005799156831723,560300,Nonwovens textiles except felt,0.6348613110223268,0.10675480026611057,1.0042906164839338,True,49786044.4,0.1542810586329219,0.7051695105948549,1.694066428041691,1.3111035193784195,XI,Textiles y artículos textiles
158,158,0.4689311541257332,-0.6181787625673563,560721,"Binder or baler twine, of sisal or agave",-1.4354314005386404,0.10535542659513414,0.0,False,0.0,-0.09992352365510496,39.04964982959275,0.08995822581923439,0.3078223904888393,XI,Textiles y artículos textiles
159,159,-0.1954882109482893,0.27842956121694834,560811,"Made up fishing nets, of manmade textile materials",-0.9834554910197223,0.09363238638096505,0.1995659692426702,False,553408.2,-0.22938652086791766,0.035068952047134914,0.035800839209676895,2.7640222290113305,XI,Textiles y artículos textiles
160,160,-0.14929832271743262,0.16721864581920518,630510,"Sacks & bags, packing, of jute or other bast fibres",-2.3428624756369785,0.1071218123612075,0.02615524260672403,False,27016.6,-0.16006215175996757,0.017945740812545474,0.08034509862236223,0.24341561636120912,XI,Textiles y artículos textiles
161,161,0.5083924338950806,0.225075978447257,691010,"Porcelain bathroom, kitchen & other sanitary fixtures",-0.6214675497117645,0.08805984964744078,0.14759537495189062,False,2906456.0,-0.09857364356812523,0.07978592327175471,0.6909306752165238,4.4120612796082055,XIII,"Artículos de piedra, yeso, cemento, amianto, mica, cerámicos, y vidrios"
162,162,0.006406005259306129,0.578298348798875,701931,Mats of glass fibres,0.5013861529225867,0.0905368445120633,0.0032268893450278033,False,7604.6,0.10315152803660307,0.40798644046784294,1.4529733964884892,1.6259445354030835,XIII,"Artículos de piedra, yeso, cemento, amianto, mica, cerámicos, y vidrios"
163,163,0.005740851272081153,0.5039858980550617,730300,"Tubes, pipes and hollow profiles, of cast iron",-0.26610680682454524,0.08515071290303679,0.0528894731368188,False,330233.6,-0.020503471492737468,0.7504042591693383,0.9377481632420637,1.9767115521129819,XV,Metales comunes y sus manufacturas
164,164,0.4707332649477511,0.24930364854212458,730431,"Iron/non-alloy steel pipe, cold drawn/rolled, nes",0.5088020919945265,0.09799241716234834,0.6789876890204388,False,3603311.4,0.16362081923855393,0.10878147354046548,2.3785492223522784,0.8719275190071796,XV,Metales comunes y sus manufacturas
165,165,0.03081939620179981,0.26028132641878104,730490,"Iron or steel tubes, pipes or hollow profiles, nes",0.004913461393390276,0.1210828522197389,1.182255348644229,True,4760465.8,-0.05146257079701979,0.3092831856872819,0.8826322125655656,0.8256088102289014,XV,Metales comunes y sus manufacturas
166,166,0.07417441113644012,0.2546804472140576,730630,"Pipes etc nes, iron/steel welded nes,diameter <406.4m",-0.3791033884050171,0.09771853201820516,0.695467574733769,False,17328640.4,-0.15004629314375653,0.272938150871317,0.846332230899152,0.8955624107917421,XV,Metales comunes y sus manufacturas
167,167,0.6690544852713302,0.5974683867103942,730690,"Tube/pipe/hollow profile, iron/steel,riveted/open sea",-0.808670784719234,0.10914337504536897,0.18687760292444103,False,880830.4,-0.16441728595631394,0.5778559410831127,0.31943249268733703,0.7811500708789694,XV,Metales comunes y sus manufacturas
168,168,0.48643851762361157,0.21352649573778285,732190,Parts for domestic non-electric thermic appliances,0.2949472709515962,0.08900861168302936,0.037654979722398486,False,194215.0,0.01753759616131133,0.22003063441786763,0.443809909166077,2.862693316888729,XV,Metales comunes y sus manufacturas
169,169,0.2002095339411618,0.28481426180150105,732690,"Articles of iron or steel, nes",0.6737978847503777,0.09499184296073655,0.31612452123272033,False,41930799.0,0.03575074157099205,0.33023647530384564,1.4374381804586982,1.1911174749351403,XV,Metales comunes y sus manufacturas
170,170,0.07296857143083275,0.6921983212830574,761100,"Aluminium reservoirs,vats, tanks, etc, volume >300l",0.5564478577637189,0.09881669079335675,0.270086637855384,False,188590.2,0.14377680214532917,0.14112199199278394,1.697388818108009,0.320669309242163,XV,Metales comunes y sus manufacturas
171,171,0.20937711985428784,0.6154584670309626,761290,"Aluminium casks, drums, boxes etc, capacity <300 litr",0.11368548230121368,0.11344124924511552,0.36125872959916777,False,5514661.6,-0.08196072264312136,1.3174682271667606,1.561838309977174,0.2757876946222016,XV,Metales comunes y sus manufacturas
172,172,0.11616126019508838,0.47566001456284496,840219,"Vapour generating boilers nes, hybrid boilers",0.22693974329337865,0.0905374243199044,0.3342568384419282,False,1012969.8,-0.016079989695738355,0.5861756129674489,1.2122217696418762,1.1586452321482434,XVI,"Aparatos mecánicos y eléctricos, sus partes y accesorios"
173,173,-0.10816425853306295,-0.5990331545949148,841280,Engines and motors nes,0.6594578895012637,0.08319431877861694,0.12765713056061376,False,435213.8,0.21412489802322354,0.06693312893319417,1.5667159809357807,0.19398709029644698,XVI,"Aparatos mecánicos y eléctricos, sus partes y accesorios"
174,174,-0.10708001065193165,-0.5535684376393583,841459,"Electric fans, motor > 125 watts",1.030386467307042,0.07240167810313815,0.05458808690056895,False,1958451.2,0.2268374416934789,0.2620543450796133,2.690705255491519,1.5455034843465947,XVI,"Aparatos mecánicos y eléctricos, sus partes y accesorios"
175,175,0.3063175775783077,0.5781731964156699,841581,Air conditioners nes with reverse cycle refrigeration,0.11134542259795512,0.09440293614795973,0.004329158883723422,False,41771.0,0.017302204741931317,0.06701293060618224,0.1269672686348891,1.9382817431319421,XVI,"Aparatos mecánicos y eléctricos, sus partes y accesorios"
176,176,0.40520834185880006,-0.2644702069297642,841869,Refrigerating or freezing equipment nes,0.6876930434587031,0.08821779801051187,0.19136965452794405,False,5477838.6,0.10309344895067346,0.28227044960246406,0.8242216421231017,1.2157464063862298,XVI,"Aparatos mecánicos y eléctricos, sus partes y accesorios"
177,177,0.7532574970471384,-0.029256716707860658,841940,Distilling or rectifying plant,1.21266112540778,0.07383344908341005,0.5466184650720481,False,2485088.4,0.26055837154060596,0.4964930746679854,1.6393725145268656,1.3073607986204416,XVI,"Aparatos mecánicos y eléctricos, sus partes y accesorios"
178,178,0.4261529497437196,0.22411129388643367,842290,"Parts of wash, filling, closing, aerating machinery",0.9045069322060968,0.08572059090832386,0.34540898315057045,False,7835047.2,0.1920087710381686,0.2512957489826165,2.818383385665721,0.3645243451509872,XVI,"Aparatos mecánicos y eléctricos, sus partes y accesorios"
179,179,0.2952547554763707,0.20250717336617613,842833,Continuous action goods conveyor or elevator belt typ,0.7119897041626362,0.09430735296869325,0.3806980997423033,False,4427914.0,0.13053752125477755,0.4491096083606909,1.8885143672653177,1.1389075994903262,XVI,"Aparatos mecánicos y eléctricos, sus partes y accesorios"
180,180,0.4101584496069228,-0.5789962564801779,842940,"Tamping machines and road rollers, self- propelled",-0.7669113507438439,0.09133723070398855,0.029885163694649563,False,205402.0,0.02408162630695168,1.6464949934302078,4.1538177528905,1.3370413664126317,XVI,"Aparatos mecánicos y eléctricos, sus partes y accesorios"
181,181,0.6321919439694963,0.008932814210315887,846291,Hydraulic presses for working metal,0.9600933616061741,0.08270976542096078,0.19646097416249417,False,757547.0,0.18020816139791623,0.2536926461120184,2.338658000296991,1.04653778871202,XVI,"Aparatos mecánicos y eléctricos, sus partes y accesorios"
182,182,-0.0023644963665595247,0.6079920661416713,846596,"Splitting, slicing or paring machines for wood, etc",0.8841185030181722,0.07497172001965169,0.0,False,0.0,0.18180964960776128,0.32293015276336506,1.9984220095873886,2.617100945235685,XVI,"Aparatos mecánicos y eléctricos, sus partes y accesorios"
183,183,0.27879397014249707,0.348662249010048,846599,"Machine tools for wood, cork or hard plastic, etc nes",0.22498159071417148,0.0854740702705119,0.03061953050784222,False,156636.6,0.011954796726875383,0.3988922911717979,1.1194465962748479,1.1658789637387585,XVI,"Aparatos mecánicos y eléctricos, sus partes y accesorios"
184,184,0.5362756819933665,0.02621079052310696,846694,"Parts, accessories nes, metal shaping machine tools",1.3050333309610715,0.09083246074917267,0.043612859099459535,False,570684.2,0.2685252544870422,0.26249588297177123,1.6615012119192845,0.31908560541165776,XVI,"Aparatos mecánicos y eléctricos, sus partes y accesorios"
185,185,0.27428201414987613,-0.19380742307701393,848190,"Parts of taps, cocks, valves or similar appliances",1.1098688692568583,0.08044358775914542,0.2181031730231701,False,12138449.8,0.2562234697414757,0.305238119348244,1.2948604703016908,1.605001485518849,XVI,"Aparatos mecánicos y eléctricos, sus partes y accesorios"
186,186,-0.43556656481972245,0.15551833958964173,848340,"Gearing, ball screws, speed changers, torque converte",1.6951369274887564,0.08314279786177994,0.28284839671919226,False,16622568.8,0.4081783836795623,0.32153255424899113,2.4443665388802045,0.8812949729354642,XVI,"Aparatos mecánicos y eléctricos, sus partes y accesorios"
187,187,-0.3934728409120825,-0.2038952112622589,848360,"Clutches, shaft couplings, universal joints",1.8708026773369404,0.07758931419001043,0.2004259741976766,False,2052239.0,0.45258254153707833,0.24500392213282657,2.9140223768823743,0.7670992875407445,XVI,"Aparatos mecánicos y eléctricos, sus partes y accesorios"
188,188,0.12923979194826088,0.6031479399211214,850161,"AC generators, of an output < 75 kVA",-0.34901839909390264,0.09867379748897251,0.1058366041355466,False,365281.8,-0.0258632065654086,0.6027608906997609,0.7027887347926453,1.179178715399689,XVI,"Aparatos mecánicos y eléctricos, sus partes y accesorios"
189,189,-0.8595447725549114,-0.10192241506949795,850162,"AC generators, of an output 75-375 kVA",1.087571230554356,0.08037988256615974,0.20742592026363146,False,754393.4,0.27230083752091877,0.5014699266326311,2.593034980731025,0.5952156116854669,XVI,"Aparatos mecánicos y eléctricos, sus partes y accesorios"
190,190,0.27646823879075705,0.5231697376893929,850163,"AC generators, of an output 375-750 kVA",0.5811666946667333,0.09533964313588732,0.2813437865293422,False,330443.8,0.11413752761956195,0.7863461156873565,0.27431697229478436,0.9456352721416716,XVI,"Aparatos mecánicos y eléctricos, sus partes y accesorios"
191,191,0.21579097115316948,0.06887457584844572,850421,Liquid dielectric transformers < 650 KVA,-0.48856590656818144,0.1237066285657464,0.8156506888660104,False,4581364.8,-0.18319792157627898,1.6103956372374273,0.37009318091557925,0.527062435696882,XVI,"Aparatos mecánicos y eléctricos, sus partes y accesorios"
192,192,0.2028382281930397,0.11213581644183708,850422,"Liquid dielectric transformers 650-10,000KVA",0.010752278339266225,0.1104775292289776,0.34061565037762,False,1889066.6,-0.12917761744473402,0.574697874036118,0.6532366552467335,0.652666596282676,XVI,"Aparatos mecánicos y eléctricos, sus partes y accesorios"
193,193,-0.0009515626375373696,0.4754835661798077,850423,"Liquid dielectric transformers > 10,000 KVA",0.461736197221265,0.09101970202559524,0.04664352793398703,False,809145.6,-0.01169462511891272,2.0789616983622143,0.9579525916404873,1.2154399539597684,XVI,"Aparatos mecánicos y eléctricos, sus partes y accesorios"
194,194,0.21377607223170075,0.5484436867047399,850431,"Transformers electric, power capacity < 1 KVA, nes",-0.4753268965423541,0.08850608525105007,0.03466496518302483,False,557536.6,-0.1529155350857176,0.10581742314483482,1.3364789808924549,2.7383343883161744,XVI,"Aparatos mecánicos y eléctricos, sus partes y accesorios"
195,195,0.21303337452373672,0.5759935957092175,850432,"Transformers electric, power capacity 1-16 KVA, nes",0.23629885412848217,0.09474166272865149,0.01881109253704045,False,37097.0,-0.0745176969629491,0.1460110553789274,1.076926204762501,1.2103320987355322,XVI,"Aparatos mecánicos y eléctricos, sus partes y accesorios"
196,196,0.13562853383026138,0.2338714315328398,850433,"Transformers electric, power capacity 16-500 KVA",-0.2663851773641752,0.10588497017920813,0.04228353583084624,False,167000.2,-0.11735007652146001,0.2143461076144898,0.6075197040105587,0.5266633856501028,XVI,"Aparatos mecánicos y eléctricos, sus partes y accesorios"
197,197,0.6837412799138468,0.007985932285719912,850434,"Transformers electric, power capacity > 500 KVA, nes",0.47667697709041307,0.09881597001804977,0.1085522382587435,False,622830.2,0.012345386624295213,0.6105873444087943,1.523620726717684,0.8976973776313062,XVI,"Aparatos mecánicos y eléctricos, sus partes y accesorios"
198,198,0.036257759059742635,-0.22621050685229935,850590,Electro-magnets nes and parts of magnetic devices,1.1743241282693653,0.07664411593648282,0.03265282905241841,False,306098.6,0.2483794502163318,0.11918922215868791,2.077131376411174,1.1836671573382962,XVI,"Aparatos mecánicos y eléctricos, sus partes y accesorios"
199,199,-0.1406690377053009,-0.43642597474880607,850619,"Primary cells, primary batteries nes, volume < 300 cc",0.8098375513599024,0.07060039246878008,0.003028573882047708,False,35586.6,0.21335801574181337,0.012288307915876654,1.0680902072537004,1.0746341430669508,XVI,"Aparatos mecánicos y eléctricos, sus partes y accesorios"
200,200,-0.3428214455058581,0.09139809340809264,850720,Lead-acid electric accumulators except for vehicles,-0.06497666489508976,0.08394684802463712,0.030307868549159803,False,744646.6,0.007226967964731701,0.07216114588693853,0.95549284009674,2.2151329625875893,XVI,"Aparatos mecánicos y eléctricos, sus partes y accesorios"
201,201,0.03346291483858061,0.5418643745085365,850980,"Domestic appliances, with electric motor, nes",0.8772974215483941,0.08009843816292106,0.010426463962418605,False,183325.2,0.16298033857275396,0.008185818116244426,1.7402432687906533,3.1526538009080594,XVI,"Aparatos mecánicos y eléctricos, sus partes y accesorios"
202,202,0.6561469601717262,0.09803215453690553,870290,Buses except diesel powered,0.6315253654988877,0.07894784587233321,0.05753343266968082,False,549312.2,0.09939636751630529,0.6966643246725486,0.4858601560270615,1.141478456327549,XVII,"Vehículos, aviones, buques y equipos de transporte asociados"
203,203,-0.3055126531764126,-0.22995772161885578,870390,Other Vehicles Including Gas Turbine Powered,1.630275117890805,0.07942394515414597,0.0002100336383583412,False,17062.0,0.39242310167200223,0.5677851770605443,1.7958344071792829,0.0487480016528726,XVII,"Vehículos, aviones, buques y equipos de transporte asociados"
204,204,0.5168679157826075,0.6175333657573744,890790,"Buoys, beacons, coffer-dams, pontoons, floats nes",-0.14472592569360504,0.1087857634804705,0.0658758668478363,False,252427.2,-0.030351121191632677,1.0423279758479174,0.23688068898631098,0.8523307546607755,XVII,"Vehículos, aviones, buques y equipos de transporte asociados"
205,205,-0.22145300301297113,-0.49948478833080134,901530,Surveying levels,1.4014086274887934,0.06566353642517736,0.004084157538281473,False,6734.2,0.2596814755528554,0.01829587909499606,3.370005917965905,2.077913019948736,XVIII,"Óptica, fotografía, cinematografía, medición, e instrumentos médicos. Relojes, instrumentos musicales, sus partes y accesorios"
206,206,-0.14544715086702095,-0.40392618688177784,901540,"Photogrammetrical surveying instruments, appliances",-0.09376171934617152,0.09832531243661638,0.11164015490703108,False,68982.8,0.12760328222176853,0.08257557349715908,1.3406738548085007,0.30955951935333925,XVIII,"Óptica, fotografía, cinematografía, medición, e instrumentos médicos. Relojes, instrumentos musicales, sus partes y accesorios"
207,207,-0.08537861115523841,-0.45613848120230827,901590,Parts and accessories for surveying etc instruments,-0.9326298564124323,0.11294378337638214,0.04702936625149384,False,369209.2,0.05779008793947743,0.1528810952168655,0.7884402418896035,0.5281373606650571,XVIII,"Óptica, fotografía, cinematografía, medición, e instrumentos médicos. Relojes, instrumentos musicales, sus partes y accesorios"
208,208,0.0660854306930933,0.7730450877350764,902830,"Electricity supply, production and calibrating meters",-0.43942837092164644,0.1081102464705661,0.04571064322643107,False,503939.0,-0.05234447802491395,0.21095300967245173,0.12629529859441513,1.5443788856348373,XVIII,"Óptica, fotografía, cinematografía, medición, e instrumentos médicos. Relojes, instrumentos musicales, sus partes y accesorios"
209,209,0.07044266613348397,0.7179869385869522,902890,"Parts, accessories for gas, liquid, electricity meter",0.18367760403186217,0.09059787170907822,0.23803207633784806,False,1747020.6,-0.09119873476428327,0.25679200422396764,0.6618073496192385,1.2307950843284086,XVIII,"Óptica, fotografía, cinematografía, medición, e instrumentos médicos. Relojes, instrumentos musicales, sus partes y accesorios"
210,210,-0.9054391274775411,-0.09638968030165954,903020,"Cathode-ray oscilloscopes, oscillographs",1.1213844420553332,0.069619372581495,0.0032047409370883676,False,8286.0,0.2966989494554834,0.03182341606027356,1.0510180549566093,1.0856975410299257,XVIII,"Óptica, fotografía, cinematografía, medición, e instrumentos médicos. Relojes, instrumentos musicales, sus partes y accesorios"
211,211,0.0534729119912019,0.49488815225184046,903031,Electrical multimeters,0.8625913890746014,0.07739826069974126,0.005626070143412997,False,12011.0,0.2181349457156552,0.04812474832700276,1.4666672610567626,1.9732480187290729,XVIII,"Óptica, fotografía, cinematografía, medición, e instrumentos médicos. Relojes, instrumentos musicales, sus partes y accesorios"
212,212,0.49281959210115717,0.016834107992427825,903039,"Ammeters, voltmeters, ohm meters, etc, non-recording",1.050426435691869,0.08843780691857293,0.11108177360737785,False,821557.8,0.2144805043682129,0.08828483148435662,2.280051418735224,0.8324669593557581,XVIII,"Óptica, fotografía, cinematografía, medición, e instrumentos médicos. Relojes, instrumentos musicales, sus partes y accesorios"
213,213,-0.0015302567315521247,-0.4699006698745287,903089,Electrical measurement instruments nes,1.4193507725744914,0.06858417544334507,0.02019422999793825,False,374086.2,0.2851434182481464,0.02675251312275225,0.5974395990988692,0.46908350658069264,XVIII,"Óptica, fotografía, cinematografía, medición, e instrumentos médicos. Relojes, instrumentos musicales, sus partes y accesorios"
214,214,-0.10993603380936869,-0.39727025518475334,903081,Electrical measurement recording instruments,0.7836842807762826,0.09476654085388904,0.07257089557025494,False,610644.8,0.2036677874784114,0.12400313173118716,1.9857549522132545,0.5928988033784733,XVIII,"Óptica, fotografía, cinematografía, medición, e instrumentos médicos. Relojes, instrumentos musicales, sus partes y accesorios"
215,215,-0.01908535576021536,-0.43514377273759425,903090,"Parts & accessories, electrical measuring instruments",1.0717235208479237,0.05923447551444305,0.010636864004006862,False,217719.4,0.2182797511497867,0.02243422077963875,0.8313449063641049,0.4120579760479797,XVIII,"Óptica, fotografía, cinematografía, medición, e instrumentos médicos. Relojes, instrumentos musicales, sus partes y accesorios"
216,216,-0.4601192507666771,-0.17518122403357184,903110,"Machines for balancing mechanical parts, nes",1.9209977473709308,0.06982936193699185,0.09189098880734782,False,203637.6,0.42732532172750415,0.0627390040034118,2.191125564806045,0.5478245178356144,XVIII,"Óptica, fotografía, cinematografía, medición, e instrumentos médicos. Relojes, instrumentos musicales, sus partes y accesorios"
217,217,-0.5838398903269761,0.3255552781087131,903120,Test benches for measuring or checking equipment,0.7035847122386356,0.08021447199263858,0.047488496505129804,False,317841.0,0.24026498186787118,0.16650184333092746,4.5511370091667365,0.15499425741635686,XVIII,"Óptica, fotografía, cinematografía, medición, e instrumentos médicos. Relojes, instrumentos musicales, sus partes y accesorios"
218,218,-0.7321093646090119,-0.2684003409944099,903140,"Optical instruments and appliances, nes",1.6752529555305526,0.07005218591226373,0.023209989547419745,False,817332.4,0.4403255722901658,0.03738776318456157,2.3399984650294843,0.32625758933037924,XVIII,"Óptica, fotografía, cinematografía, medición, e instrumentos médicos. Relojes, instrumentos musicales, sus partes y accesorios"
219,219,-0.656914076102572,0.33881703319876666,940510,"Chandeliers, other electric ceiling or wall lights",0.8067236588456548,0.08051059919257046,0.06597333479494161,False,3833504.2,0.10887523753561056,0.0366549618537423,0.7934415356682606,3.4169231996600455,XX,Artículos varios fabricados
220,220,-0.7051402460911353,0.37800838239430057,940520,"Electric table, desk, bedside and floor lamps",0.10475850455615578,0.07163717952790001,0.010244532338038775,False,128461.6,0.018079892465795826,0.00999537556848732,0.5595124194649321,5.03171526578646,XX,Artículos varios fabricados
221,221,-0.6368073387195798,0.32454452209911977,940540,"Electric lamps, lighting fittings, nes",0.3302075039302731,0.07422796347473393,0.02222764088468751,False,1702914.4,0.04507542340309465,0.034759628052008315,0.8136009637246805,4.3372511961969105,XX,Artículos varios fabricados
222,222,-0.22542689616146724,0.32153758279890937,950720,"Fish-hooks, whether or not snelled",-1.2473558025248186,0.08516036005691098,0.0,False,0.0,-0.1781094169021452,0.0017206765967020662,0.07899763793149382,2.487539012201152,XX,Artículos varios fabricados
223,223,0.5429124485332619,0.04863346739025111,392030,Sheet/film not cellular/reinf polymers of styrene,0.6111518840666633,0.11590777064126816,1.251165961044042,True,9019753.0,0.08255328916085859,0.08208619187286766,2.2131323612224048,0.4772081559606715,VII,"Plásticos, caucho, y sus manufacturas"
224,224,0.3400686347257042,0.3361713953929818,392111,"Sheet etc, cellular of polymers of styrene",0.25035313691374206,0.10418157773782973,0.014259274915765677,False,60923.6,-0.006925492235783447,0.016469133549259298,2.4547752873911124,0.4692288921660638,VII,"Plásticos, caucho, y sus manufacturas"
225,225,0.13424120372599324,0.2637371744824685,392113,"Sheet etc, cellular of polyurethane",0.7185317541947417,0.09853272141587845,0.034744815511859414,False,434281.6,0.11005691637579393,0.0746646380092383,1.565810262852727,0.7746241419915696,VII,"Plásticos, caucho, y sus manufacturas"
226,226,0.5283733508525372,0.5629700090371624,392510,"Plastic reservoirs, tanks, vats, etc, capacity <300l",0.005812692899155225,0.11093000262106004,0.13628187645644718,False,414281.6,-0.007883730290455419,0.6195845535519996,2.289205918852028,0.22574867451733413,VII,"Plásticos, caucho, y sus manufacturas"
227,227,-0.5133077405706523,-0.17346841191499063,400259,Acrylonitrile-butadiene rubber (NBR) except as latex,1.6347807577777798,0.0741907572545796,0.3381126566292213,False,1178217.0,0.3428908128689485,0.4500761244580659,0.6369922518770581,0.16515378785741094,VII,"Plásticos, caucho, y sus manufacturas"
228,228,0.3403470158387617,0.3541069895594217,450490,Articles of agglomerated cork,-0.718247253762176,0.09771920156788205,0.5480112039778706,False,249736.2,-0.034237071982189685,0.6506281407399886,0.5259107207957422,1.3698759792532613,IX,"Productos de madera, carbón de madera, o corcho. Fabricaciones de paja u otros materiales trenzados"
229,229,-0.2601892304258622,-0.7425914649383847,530599,"Vegetable fibre nes, processed not spun, tow & waste",-2.0835078752614646,0.08625186823169358,0.0,False,0.0,-0.19000631647889424,6.182746661401985,0.04900369585389893,0.10027566526509157,XI,Textiles y artículos textiles
230,230,-0.5639328904979656,0.2599249634735854,540500,"Artif monofilament >67dtex t<1mm, strip, straws t<5mm",0.4038318425059668,0.07772231596548872,0.0,False,0.0,0.09136089991461614,0.1385828788445882,0.668671113077074,0.9738435266188781,XI,Textiles y artículos textiles
231,231,-0.12133211632616019,0.14568027093766073,560790,"Twine, cordage, ropes and cables, of other materials",-1.4296447250436801,0.09661475268497426,0.02377651133447106,False,28749.8,-0.3401896224257267,0.1604190175956769,0.18024732694371753,1.4747000345468342,XI,Textiles y artículos textiles
232,232,-0.15856597799901453,0.2188654948490139,560890,"Knotted netting, nets, of of natural materials",-1.0566796405052346,0.09761929457421233,0.023060793914502244,False,11841.6,-0.32191917990570734,0.7503041354064943,0.17424870592150352,2.031671907406894,XI,Textiles y artículos textiles
233,233,0.3226449889985512,0.1264912215451781,680610,"Slag wool, rock wool, similar wools, bulk, sheet, rol",0.9246352367853619,0.10697229822654698,0.012714179230202674,False,104063.8,0.0946618433868791,0.09530748639997694,0.9979600201896978,0.62367217844934,XIII,"Artículos de piedra, yeso, cemento, amianto, mica, cerámicos, y vidrios"
234,234,-0.7343659733785282,-0.17867371909157562,680690,Mineral heat or sound insulating materials & articles,1.5204776538884757,0.08234936371489444,0.07900296551782975,False,457932.0,0.39736571061318143,0.3313926883373666,2.715633283464852,0.5699904371605625,XIII,"Artículos de piedra, yeso, cemento, amianto, mica, cerámicos, y vidrios"
235,235,0.30420601539002257,0.4569473301077154,680800,"Boards, etc of veg fibre with mineral binder or cemen",0.19850860969760983,0.09776606652651267,0.008954426308655445,False,14761.6,-0.061886417244525066,0.01573362065518875,0.7965135607862894,1.9627511276696006,XIII,"Artículos de piedra, yeso, cemento, amianto, mica, cerámicos, y vidrios"
236,236,0.2353986531783263,0.18099197379343518,681011,"Building blocks, bricks of cement, or artificial ston",-0.08447432714425607,0.10046338095114463,0.16173146292099502,False,433720.2,-0.06101789698931011,0.027835435980240717,1.8006279425129805,1.1829651294008123,XIII,"Artículos de piedra, yeso, cemento, amianto, mica, cerámicos, y vidrios"
237,237,0.2716669916479451,0.22543205370033326,681019,"Tiles & flagstones of cement, concrete, artificial stone",-0.050468840261232446,0.09913800250900048,0.507719714603762,False,2610147.0,-0.11681351732446647,0.038759763106658955,0.7477620585393691,1.9558347064870911,XIII,"Artículos de piedra, yeso, cemento, amianto, mica, cerámicos, y vidrios"
238,238,0.2945930690797096,0.15934365332890912,681091,Prefabricated structural items of cement or concrete,0.4425068671315912,0.09975518491976601,0.04377745530085555,False,329155.6,0.030653642819840093,0.030133290232097185,2.074731652308188,1.5163732301192934,XIII,"Artículos de piedra, yeso, cemento, amianto, mica, cerámicos, y vidrios"
239,239,0.1944654662844553,0.3319453440815746,700991,"Glass mirrors, unframed",-0.1162190458745713,0.08632753831155408,0.3615537773935267,False,1113186.0,-0.045879138316758265,0.10863377455643805,0.8713946147144173,3.6543440197704826,XIII,"Artículos de piedra, yeso, cemento, amianto, mica, cerámicos, y vidrios"
240,240,-0.741505711389786,0.4071843157787676,700992,"Glass mirrors, framed",-0.16713195794372082,0.06398454144826358,0.020937401515683945,False,108257.4,-0.044087432521797656,0.03461452074424766,0.41362671757297204,4.900470292896015,XIII,"Artículos de piedra, yeso, cemento, amianto, mica, cerámicos, y vidrios"
241,241,-0.36631835070073837,0.10950770193382298,701939,"Webs, mattresses, other nonwoven fibreglass products",0.6436353473902859,0.09673414350965488,0.6749157783832415,False,4504833.8,0.07254383760261252,0.06323627281256956,0.5685877990657076,1.30651537805808,XIII,"Artículos de piedra, yeso, cemento, amianto, mica, cerámicos, y vidrios"
242,242,0.2565544435698163,-0.41673156684099416,730210,"Railway/tramway rails, iron or steel",0.6186785575571386,0.08037321991560151,0.19954453752308432,False,1709809.6,0.15336106083099427,0.010181227374759119,0.18246997845882534,1.0285510750109652,XV,Metales comunes y sus manufacturas
243,243,-0.5742377396478172,0.24171643168442095,730230,"Railway/tramway switch/crossing material, iron/steel",0.44798684946574774,0.08594255621835262,0.0,False,0.0,0.13470096119420555,0.10692278698885711,1.739814715149086,0.729503502093123,XV,Metales comunes y sus manufacturas
244,244,0.3239109019259612,-0.455219916234426,730240,"Railway fish plates and sole plates, iron or steel",0.1817082961380521,0.106545132251278,0.0,False,0.0,0.023503822723493405,1.229630526897121,0.7483309965322765,0.9230672262024573,XV,Metales comunes y sus manufacturas
245,245,0.3025310705016473,0.47702909945632366,730290,"Rail/tramway construction material of iron/steel, nes",-0.08823703287593224,0.10758571124894897,0.0031567405960035745,False,5462.2,-0.042212542772808836,0.7109263638280647,1.5944960037978515,0.7516762410941962,XV,Metales comunes y sus manufacturas
246,246,0.30245597719675815,0.3435781357939699,730890,"Structures and parts of structures, iron or steel, ne",0.18253871628100246,0.10015673972448864,0.105706096038839,False,12497980.0,-0.06108060161390932,0.1663083321192187,1.0099804327616426,1.8323567969197045,XV,Metales comunes y sus manufacturas
247,247,-0.03189433513286304,0.6707360763826712,732113,"Cooking appliances for solid fuel, iron or steel",-0.5183269387972153,0.08043264322984438,0.04721558733410032,False,144010.2,0.03399454865190985,0.13516257234654364,0.5284104392339555,4.888517305641668,XV,Metales comunes y sus manufacturas
248,248,0.4488822030354566,0.2070075695221337,732183,"Domestic iron/steel solid fuel appliances, not cooker",0.4407104478151552,0.08645902093836148,0.07866804801761225,False,412329.6,0.034006394317585883,0.04283065870053852,0.694027757262525,1.3384507996463626,XV,Metales comunes y sus manufacturas
249,249,0.24847234627271234,0.20459265375142074,761090,"Aluminium structures and parts nes, for construction",0.3362872692530025,0.09919360589565081,0.0582691026667427,False,1623486.6,-0.01204870255762136,0.04204939030809333,1.8470337863665856,1.8649934354095659,XV,Metales comunes y sus manufacturas
250,250,0.09987858164694141,-0.563159573860364,830630,"Photograph, picture, etc frames, mirrors of base meta",0.059598048670081324,0.06721650925059645,0.014013158230089974,False,14602.6,0.02820356622282614,0.014111598306747705,0.8797314041905392,4.099427918469771,XV,Metales comunes y sus manufacturas
251,251,0.4227855171764077,-0.1254630779753647,850220,"Generating sets, with spark ignition engines",0.5988844120153279,0.07108911577568142,0.14799714939509798,False,1979392.4,0.12483072028747584,0.019169526666935777,1.503910794073495,2.5510588978194124,XVI,"Aparatos mecánicos y eléctricos, sus partes y accesorios"
252,252,0.5877791148366579,0.5571857424567209,853010,"Electric signal, safety & traffic controls, railway",0.8018752426410365,0.095565399539123,0.0012108449669695949,False,3049.0,0.16711333133455042,0.3853663872294264,2.4470219993653792,0.550978079152387,XVI,"Aparatos mecánicos y eléctricos, sus partes y accesorios"
253,253,0.5142619102639457,0.5325852874325432,853080,"Electric signal, safety & traffic controls, nes",0.6493083183199077,0.10355790057727007,0.08026474255292054,False,269270.8,0.02461330509370778,0.2438206455396726,1.2381641154916496,0.8243195350461663,XVI,"Aparatos mecánicos y eléctricos, sus partes y accesorios"
254,254,-0.47341488173867396,0.2522530413745724,853090,"Electric signal, safety & traffic controller parts",1.0094809159563087,0.08683865210356581,0.02102094186314581,False,76022.2,0.21317928563770816,0.03667605604371767,1.1409730569090788,0.4530482276315017,XVI,"Aparatos mecánicos y eléctricos, sus partes y accesorios"
255,255,0.1914385418097245,0.1864958654007402,853720,"Electrical control and distribution boards, > 1kV",0.09742840124712274,0.09466044460617322,0.3065126820749816,False,7166665.8,-0.12744226122240065,0.7114874911632294,2.0707329670308554,1.1843288656509745,XVI,"Aparatos mecánicos y eléctricos, sus partes y accesorios"
256,256,0.10302292579763392,-0.6018224531014703,853921,"Filament lamps, tungsten halogen",1.3957717328762616,0.0710474370663348,0.011665937463312414,False,98881.8,0.21612900320878353,0.018330847916901163,3.3076010497831985,1.7963483419812747,XVI,"Aparatos mecánicos y eléctricos, sus partes y accesorios"
257,257,0.0867895094489888,-0.5103902864575778,853939,"Discharge lamps, other than ultra-violet lamps, nes",0.9566119999169871,0.06958518894251199,0.015807125910955434,False,90272.4,0.2560560982831042,0.1613416336952437,1.6662985401010824,2.0805357543555876,XVI,"Aparatos mecánicos y eléctricos, sus partes y accesorios"
258,258,0.2549271589378137,-0.4316171913095781,860110,"Rail locomotives, externally electrically powered",1.117412141122779,0.07417718702653774,0.0,False,0.0,0.2609896924622037,0.0,4.147932958233727,1.8854409883794612,XVII,"Vehículos, aviones, buques y equipos de transporte asociados"
259,259,-0.4381597698401424,0.006896342910138402,860120,Rail locomotives powered by electric accumulators,0.01920421103925035,0.07772455561650994,0.0,False,0.0,0.05947956514045207,0.0,1.7189017521400796,4.339782353267146,XVII,"Vehículos, aviones, buques y equipos de transporte asociados"
260,260,0.4292833796158284,-0.5739659968956639,860210,"Rail locomotives, diesel-electric",-0.49101462387144346,0.1016753635645249,0.0,False,0.0,0.02835886142108423,0.8576262606249968,0.487684786650231,1.111759873084949,XVII,"Vehículos, aviones, buques y equipos de transporte asociados"
261,261,0.3783621965383675,-0.5303571132030542,860290,Rail locomotives non-electric and locomotive tenders,-0.3296623375622984,0.09528107894900818,0.0,False,0.0,0.019083002802661682,0.09023905039424825,3.03270766046507,1.5500209318305427,XVII,"Vehículos, aviones, buques y equipos de transporte asociados"
262,262,0.22574673073309237,-0.3972441635875766,860310,"Self-propelled railway cars, external electric power",1.5749345187227366,0.07015838017103694,0.00011878338949877653,False,2320.4,0.3933279438223965,0.7628230431992677,2.355897154717733,1.263464014855078,XVII,"Vehículos, aviones, buques y equipos de transporte asociados"
263,263,0.23654448334472608,-0.46235008467444116,860390,Self-propelled railway cars except external electric,0.7285471149117262,0.06344528249566954,0.0,False,0.0,0.207854068470864,0.0001612718281244202,0.8644861749720035,1.5435849314809973,XVII,"Vehículos, aviones, buques y equipos de transporte asociados"
264,264,-0.7880812639885102,-0.49353023378774846,860400,Railway maintenance-of-way service vehicles,0.381279278070829,0.07923999825087086,0.07378162089774955,False,298140.6,0.30918768857980056,0.018554342424159587,1.7734508769300388,0.359449817342683,XVII,"Vehículos, aviones, buques y equipos de transporte asociados"
265,265,0.27281082250745775,-0.48923819356242837,860500,Railway passenger and special purpose coaches,0.34230018827197395,0.0873392649783488,0.0,False,0.0,0.1343266353226258,1.0504725018549694,2.4979265519844107,1.0577320524537794,XVII,"Vehículos, aviones, buques y equipos de transporte asociados"
266,266,0.3440915702299133,-0.4113828298831195,860610,Railway tank cars,0.5023069335434172,0.09968126433239016,0.0,False,0.0,0.08976781874137564,0.09657253149003464,0.21977280202025617,0.06602050396394686,XVII,"Vehículos, aviones, buques y equipos de transporte asociados"
267,267,0.4146252648287161,-0.44654922357074067,860630,"Railway cars, self-discharging, nes",-0.14827921526869148,0.10031012196447217,0.0,False,0.0,0.04166771821072586,0.1498507680982186,0.07454197573640704,1.3641482365331086,XVII,"Vehículos, aviones, buques y equipos de transporte asociados"
268,268,0.44920921233059957,-0.46742691221595584,860691,"Railway cars nes, closed and covered",0.07167163244471436,0.11330020807967792,0.0,False,0.0,0.025467710233437788,0.015048056899900263,0.25106687832238683,0.3470640105314888,XVII,"Vehículos, aviones, buques y equipos de transporte asociados"
269,269,0.4624312164801634,-0.45711193682554824,860692,"Railway cars nes, open, with sides > 60 cm high",-0.16102444723852596,0.09830787538979605,0.0,False,0.0,-0.00446858595155537,0.5974751148781636,0.1415081463796615,2.5927568876031937,XVII,"Vehículos, aviones, buques y equipos de transporte asociados"
270,270,0.4479549444738267,-0.4843840978039494,860699,Railway cars nes,-0.009317092706345986,0.09139424801936338,0.0,False,0.0,-0.003553529052537207,0.05184446258779985,0.8146767887531672,1.0989872155404903,XVII,"Vehículos, aviones, buques y equipos de transporte asociados"
271,271,0.2725581437764268,-0.4081868057632621,860711,Railway & tramway driving bogies  & bissel-bogies,1.182855767199684,0.07590782141025317,0.0,False,0.0,0.3481833069099278,0.4301850241635934,2.304442431595885,0.28692335383989287,XVII,"Vehículos, aviones, buques y equipos de transporte asociados"
272,272,0.052929728399881484,-0.255820536324044,860712,"Railway & tramway bogies & bissel-bogies, non-driving",0.6385877700183575,0.08719528247244797,0.0,False,0.0,0.1991452116606672,0.08635934481953758,2.516041705444337,0.40507229552302465,XVII,"Vehículos, aviones, buques y equipos de transporte asociados"
273,273,0.2644278802288924,-0.38088763759352895,860719,"Railway & tramway axles, wheels and parts",1.0071943125892506,0.09560098700294169,0.013033908548147035,False,146341.6,0.21011683383009871,0.6605804849653277,1.3133581452831433,0.8563540893797617,XVII,"Vehículos, aviones, buques y equipos de transporte asociados"
274,274,-0.424326948737454,-0.22940504543905485,860721,"Air brakes, parts for railway rolling stock",1.145585635269543,0.07963807107705524,0.22479456933030847,False,1332897.8,0.29027431862998193,0.20731451249567914,3.7576299352795637,0.2007225368475478,XVII,"Vehículos, aviones, buques y equipos de transporte asociados"
275,275,0.5287006649697372,0.07256861101721629,860729,"Brakes except air, parts for railway rolling stock",0.49384932845936647,0.11815890584829526,4.724991956045406,True,4945831.8,0.14117159350669573,0.3488547213171755,1.3572720057208756,0.41148633839019283,XVII,"Vehículos, aviones, buques y equipos de transporte asociados"
276,276,-0.8609289719205012,-0.12880286275329342,860730,"Coupling devices, parts for railway rolling stock",1.4481224319775192,0.08074533457461788,0.021243758078100673,False,60190.6,0.38127025391459796,0.32793872919625283,2.4640266853316493,0.87769127861513,XVII,"Vehículos, aviones, buques y equipos de transporte asociados"
277,277,0.59761345241236,0.08588441045639265,860791,Railway locomotive parts nes,1.0775399985785552,0.09156832947893145,0.0202985411418575,False,72640.2,0.17485683647799555,0.10387302156706303,1.6572690752206656,1.5143034698782434,XVII,"Vehículos, aviones, buques y equipos de transporte asociados"
278,278,0.16985381069360783,-0.3198917214557413,860799,Railway rolling stock parts nes,1.6933397820022047,0.08564808910499704,0.002241365964564246,False,29101.0,0.3722636466347545,0.19832532625264576,1.774787248771298,0.4937265048128933,XVII,"Vehículos, aviones, buques y equipos de transporte asociados"
279,279,0.5420709279771228,0.5345819075091359,860800,"Signals etc for rail, tram, water-way, port, airfield",0.46895075995089874,0.10196316404432117,0.0744422541055472,False,250348.8,0.027451355509885304,0.2451700212337068,1.4682662175519516,0.8419379066669512,XVII,"Vehículos, aviones, buques y equipos de transporte asociados"
280,280,0.290986573095143,0.32885273809051324,871200,"Bicycles, other cycles, not motorized",-0.35323993252370745,0.08243440096512476,0.0033083046245195513,False,85158.8,-0.09157964846973793,0.007307319643385494,0.997754625759189,3.2064942553194475,XVII,"Vehículos, aviones, buques y equipos de transporte asociados"
281,281,0.09643958007569242,-0.4980253502596002,871411,Motorcycle saddles,-1.195800081532244,0.0670470903346797,0.0,False,0.0,-0.07349929168307438,0.0,0.10849929177919522,3.6755433476847212,XVII,"Vehículos, aviones, buques y equipos de transporte asociados"
282,282,-0.08970577801212454,-0.634845158470491,871419,Motorcycle parts except saddles,0.18836070665246693,0.0638198739053464,0.055303784285141024,False,1467933.8,0.09341076471170391,0.10972842691496479,0.41185262177773657,2.7467685651666662,XVII,"Vehículos, aviones, buques y equipos de transporte asociados"
283,283,0.3341724231917816,0.20352502550421125,871420,Wheelchair parts,0.6983156284234739,0.09103070360730073,0.00417917855591106,False,12286.2,0.06576244978790423,0.017982747782499843,1.1352834211067098,2.000074898130378,XVII,"Vehículos, aviones, buques y equipos de transporte asociados"
284,284,-0.05959421893209977,-0.8063628533003937,871491,"Bicycle frames and forks, and parts thereof",-0.6060087810272994,0.06006639631748627,0.0013569929244443529,False,8199.8,-0.021989437328688417,0.007097951719306302,0.3000684852488918,4.714077874414741,XVII,"Vehículos, aviones, buques y equipos de transporte asociados"
285,285,-0.005563525407379579,-0.029671984529780718,871492,Bicycle wheel rims and spokes,-0.3220974547885636,0.07976438981143186,0.007179701958138573,False,11120.6,-0.12217484584960693,0.025845438610443843,0.49607000847547394,3.197623783611888,XVII,"Vehículos, aviones, buques y equipos de transporte asociados"
286,286,0.08956113518703783,-0.2732951453535366,871493,"Bicycle hubs, free-wheel sprocket wheels",0.841423123572365,0.0578614836787988,0.0034828533345042318,False,7068.2,0.165253030417431,0.014918810964474465,0.5493725951772803,1.7671417422127866,XVII,"Vehículos, aviones, buques y equipos de transporte asociados"
287,287,0.0850668361931222,-0.3539921177415059,871494,"Bicycle brakes, parts thereof",0.8461907355222861,0.057777388273044426,0.0023508777140230567,False,7434.0,0.15859370420952895,0.014354071036869797,0.8143275375516004,1.2871048152214912,XVII,"Vehículos, aviones, buques y equipos de transporte asociados"
288,288,-0.06611242439987419,-0.7680740930132234,871495,Bicycle saddles,-0.13063919596320675,0.06343577725648,0.004750694950937823,False,5084.6,-0.025669237074048556,0.1491853079191525,0.41237493070586373,2.7642561845856837,XVII,"Vehículos, aviones, buques y equipos de transporte asociados"
289,289,0.07503904564089371,-0.19143843672275918,871496,"Bicycle pedals/crank-gear, parts thereof",0.5084394272201641,0.060237781339973186,0.0021910487506510198,False,5703.4,0.07678551706403193,0.028711543450009414,0.5668823928404843,1.47806947484336,XVII,"Vehículos, aviones, buques y equipos de transporte asociados"
290,290,0.03856618071092327,-0.1105471066057717,871499,Bicycle parts nes,0.4264397915302579,0.08169326553216195,0.002701877836539782,False,30380.4,0.05478879249286101,0.01013690407688687,0.7869965624128107,1.67112237980756,XVII,"Vehículos, aviones, buques y equipos de transporte asociados"
291,291,0.2838096832763541,0.4812613917587943,871639,Trailers nes for the transport of goods,0.7122923667352776,0.09659477244054286,0.08322635090518687,False,2804133.4,0.12817942312426964,0.5799705664833307,3.9447826341763292,0.5076093656199179,XVII,"Vehículos, aviones, buques y equipos de transporte asociados"
292,292,-0.03648261390492718,-0.4690423184281517,900580,"Monoculars, telescopes, etc",0.9035991098117063,0.08560791271401384,0.012932704607019325,False,20030.4,0.17654667992708784,0.006838714957292685,1.3685958554060325,2.0585900529711214,XVIII,"Óptica, fotografía, cinematografía, medición, e instrumentos médicos. Relojes, instrumentos musicales, sus partes y accesorios"
