,code,density,rca_arg,rca_bra,rca_deu,rca_chn,pci,cog,description,export,category,id
0,460120,0.0696398662498684,0.0,0.0124228869468187,0.2573336612154828,5.836284526390938,-1.9831005632243857,-0.2423649218563416,"Mats, matting and screens, vegetable plaiting materia",0.0,"Paper, Pulp of Wood or of Fibrous Material",460120
1,730820,0.0979593163561978,0.123577353583643,0.4483825320428237,0.7689132791906682,1.4755179758544013,-0.631842185992414,-0.2680551015553668,"Towers and lattice masts, iron or steel",1450602.2,Base Metals,730820
2,732111,0.0834924603138979,0.0094066485985244,0.4675803392079343,0.2799894142086742,3.0088159336994025,-0.2583664379077525,-0.0315194609498938,"Cooking appliances for gas fuel, etc, iron or steel",169610.4,Base Metals,732111
3,732490,0.0873322156588129,0.026808001071246,0.0495095492203657,1.498417846368466,3.463469769725566,0.34449352993866,0.0246472860746913,"Sanitary ware and parts thereof, iron or steel, nes",135885.6,Base Metals,732490
4,840290,0.0757824614179064,0.1059920850677115,0.122026839445892,0.5560819259324,2.1731227403268605,0.3606946940857118,0.0418418822698309,Parts of steam or vapour generating boilers nes,1186136.2,"Machinery, Electrical",840290
5,840410,0.0667616248539677,0.0043886895039739,0.348045479910712,0.5883641863534737,2.509267760562236,0.4304218618076769,0.1780801679902865,Auxiliary plant for steam/vapour generating boilers,13984.4,"Machinery, Electrical",840410
6,840510,0.1030937102333809,0.1353178045626464,0.3538432409386819,0.8951863791221922,0.5372982622737741,0.062926469571611,-0.0270120799974917,"Producer, water and acetylene gas generators",274591.2,"Machinery, Electrical",840510
7,840619,0.0802408304816497,4.6372928621215e-05,2.1194394873879494,2.176253197544463,0.9269070953241522,1.277642682703534,0.3366154473865522,Steam and vapour turbines nes,276.0,"Machinery, Electrical",840619
8,840999,0.0979138633347729,0.6786288035352724,2.193454941925447,2.8890755227029272,0.4591799131643743,0.8848354047602819,0.1040529908844977,Parts for diesel and semi-diesel engines,78199300.6,"Machinery, Electrical",840999
9,841011,0.085102447165478,0.3952430639274328,0.3111278914057062,1.3387439232572806,0.9295199244148938,0.2067625130597233,0.1391087851242656,"Hydraulic turbines, water wheels, power < 1000 kW",152232.4,"Machinery, Electrical",841011
10,841012,0.0802997128056811,0.0263127178444154,0.7276927056259302,1.835632163729923,1.1999725806665544,0.4844301903876618,0.1302623740259298,"Hydraulic turbines, water wheels, power 1000-10000 kW",10358.4,"Machinery, Electrical",841012
11,841090,0.0898176846968764,0.941910794878314,2.024643707051514,0.8195210676783431,1.8026494500864592,0.1649807699520661,-0.0177092871904258,Parts of hydraulic turbines and water wheels,3727080.0,"Machinery, Electrical",841090
12,841181,0.0975412648702245,0.0393359952164703,0.4044719088596346,0.4909543383609092,0.0573023569936054,1.089869372288054,0.2309023394710413,Gas turbine engines nes of a power < 5000 kW,322320.6,"Machinery, Electrical",841181
13,841182,0.1003779606440395,0.2128979669466749,0.0861419684655768,0.9992306480167328,0.1166665305619468,0.0546800787836816,0.2671702927628058,Gas turbine engines nes of a power > 5000 kW,5769586.4,"Machinery, Electrical",841182
14,841861,0.0831057156165994,0.0026755890275087,0.0185067594296111,1.4804161538797935,0.6366891132062887,1.1206672392069037,0.2281943888350889,Compression refrigeration equipment with heat exchang,20935.8,"Machinery, Electrical",841861
15,841919,0.0972874297851097,0.2458220971892711,0.0356214802004254,1.2836515950232887,0.650602991070226,0.4480274245296803,0.0829752815322746,"Instantaneous/storage water heaters, not electric nes",1554621.6,"Machinery, Electrical",841919
16,841950,0.0885673689563708,0.1442907317060306,0.2552006133632897,1.4895670069005789,0.7042946751056222,1.4804453988157316,0.2870277297990991,"Heat exchange units, non-domestic, non-electric",5102514.4,"Machinery, Electrical",841950
17,847989,0.0601108758908697,0.106698710357784,0.2344614087236424,2.1063642703427528,0.5478850755114226,2.2411236341942686,0.481163047257979,Machines and mechanical appliances nes,19223043.0,"Machinery, Electrical",847989
18,850230,0.0861236323976883,0.0412622167007781,0.6239572597581955,2.4969123609914243,0.4342930515543036,1.2045866471419833,0.2235409140864016,"Electric generating sets, nes",1555205.0,Transportation,850230
19,850410,0.0723941890376477,0.1364041029288783,0.0934474417046703,1.3794910173910686,2.0768778615218464,0.5831780657080049,0.144716518150188,Ballasts for discharge lamps or tubes,1067498.8,Transportation,850410
20,853710,0.0875717685746198,0.0635439062680636,0.155177441010861,2.2791280373682,0.8529635067514614,0.5382960406533014,0.0882448232095616,"Electrical control and distribution boards, < 1kV",11747220.2,Transportation,853710
21,854140,0.043215613024072,0.0019813583270554,0.0035249384546991,0.7179919627021579,2.878817556281762,0.8285991178029719,0.1452537560097194,Photosensitive/photovoltaic/LED semiconductor devices,328072.6,Transportation,854140
22,900190,0.0559537590545143,0.000749798342227,0.0037162825481187,0.8330956861547485,1.7550929188105195,1.4785379525036488,0.309697368103676,"Prisms, mirrors and optical elements nes, unmounted",19721.4,Precision Instruments,900190
23,900290,0.0604922715803463,0.043014874070116,0.0135400940263446,2.514002947318128,1.0857286733140592,0.904834743257893,0.2424903528967462,"Mounted lenses, prisms, mirrors, optical elements nes",326750.6,Precision Instruments,900290
24,902730,0.0727557782783435,0.0439654849723842,0.0213128246134769,2.356459978924504,0.2624986419408978,1.9819020122802544,0.4405971481491695,"Spectrometers, spectrophotometers, etc using light",573343.0,Precision Instruments,902730
25,903210,0.0782073594262148,0.2766106695414705,0.1535211712923139,1.547831745451104,1.3506398866936369,0.9373441678642336,0.1739333740938949,Thermostats,3623317.4,Precision Instruments,903210
26,840420,0.0706989598920902,0.0217562695499965,0.2526848168889461,0.2232584174003949,2.017445449450178,-0.2203746785119218,-0.0250704024976588,Condensers for steam or vapour power units,24770.8,"Machinery, Electrical",840420
27,840490,0.0823301476578825,0.0041106541609334,0.1928118919120796,0.6218977568651903,1.4341670756456997,0.722068293846615,0.0525733002393058,"Steam, vapour generating boiler auxiliary plant parts",11628.4,"Machinery, Electrical",840490
28,840690,0.0720105035646479,0.0305194565912477,0.131169015312793,1.4227482837164418,1.0403034636874438,1.189109412323364,0.3062420804895269,Parts of steam and vapour turbines,457013.6,"Machinery, Electrical",840690
29,841199,0.0818225098797412,0.065509478165747,0.0627296836375994,1.1447539686928176,0.227651987531928,1.805274320563218,0.4456053124520575,Parts of gas turbine engines except turbo-jet/prop,4743323.8,"Machinery, Electrical",841199
30,841290,0.0903203196123854,0.0621079455479928,1.4390651276098132,1.3488211480185388,1.262946836927506,0.7826554824069895,0.1584102308867324,Parts of hydraulic/pneumatic/other power engines,1569359.4,"Machinery, Electrical",841290
31,841780,0.0828478763798684,0.2990474555738369,0.2452741171694937,0.9615334362950844,2.087567870282263,0.4608058008532514,0.0742270419897862,"Industrial furnace, oven, incinerator non-electric ne",1314070.2,"Machinery, Electrical",841780
32,841790,0.0914056537348518,0.0289249012559396,0.5608879613178197,1.7987512424786791,1.248471273780644,0.5933131454927401,0.0545665524073502,Parts of industrial or laboratory furnaces/ovens,209398.8,"Machinery, Electrical",841790
33,841939,0.0935491258740593,1.1301559356049675,0.4308175142795631,2.0744243716280644,1.2407399307654916,1.3349920643936817,0.2611261266295468,"Non-domestic, non-electric dryers nes",7255096.6,"Machinery, Electrical",841939
34,841960,0.0954886153542344,1.1032643225388796,0.1036891077687785,1.4448675174905286,2.8266149448472584,0.0410317071356133,0.0441072570868363,Machinery for liquefying air or other gases,5773832.4,"Machinery, Electrical",841960
35,841989,0.0838940482602598,0.6750189166658574,0.54978165064366,2.464828160729979,0.7640543949866192,0.9121723201418273,0.1783939542744684,Machinery for treatment by temperature change nes,17964092.2,"Machinery, Electrical",841989
36,841990,0.0877485197738214,0.1019765011491348,0.1471078143112786,1.3384169545103266,1.0805879373763545,1.1801329884603708,0.2204490334454684,"Parts, laboratory/industrial heating/cooling machiner",2277788.2,"Machinery, Electrical",841990
37,842121,0.10046932704719,0.1654758512826339,0.3544752036009884,1.7655345206705466,0.826589904124221,0.8697170344302758,0.1465619750947199,Water filtering or purifying machinery or apparatus,4472193.4,"Machinery, Electrical",842121
38,842129,0.0829046946223002,0.1980559733093487,1.1257137097128975,2.494302679707161,0.5574580297683398,1.5643272501369374,0.3969463071933709,Filtering/purifying machinery for liquids nes,5893279.0,"Machinery, Electrical",842129
39,842139,0.0888333536207715,0.0737452131658968,0.2765608497271059,2.5163521578572494,0.6223353876735602,0.753981143408738,0.2221799836591531,Filtering or purifying machinery for gases nes,5344233.0,"Machinery, Electrical",842139
40,842199,0.0880759849514252,0.1835438097620335,0.2810973996268307,2.485193789856904,0.851931363517167,1.261865947808027,0.2801497065917331,Parts for filter/purifying machines for liquid/gas,8296162.4,"Machinery, Electrical",842199
41,847420,0.092411562515969,0.0181416286274409,0.779656880569589,1.7436377018738003,1.6579746280231027,0.2639028684733918,0.0268967316695176,"Machines to crush or grind stone, ores and minerals",197668.4,"Machinery, Electrical",847420
42,847982,0.0838545791230558,0.2935825844821618,0.3338027665544582,3.2121278018872306,0.7482132527767861,1.556650299556181,0.3428209321540156,"Machines to mix, knead, crush, grind, etc, nes",4371873.6,"Machinery, Electrical",847982
43,847990,0.0697652336992011,0.0435263996878969,0.0514234755356414,1.206028926257469,0.4566918975157402,2.013471284322055,0.4698917580879532,Parts of machines and mechanical appliances nes,5191276.8,"Machinery, Electrical",847990
44,850164,0.0968946633222971,0.0303199325505897,1.6128605697510607,1.80225017033856,0.9189499875816176,0.6696934176733831,0.1083094856952455,"AC generators, of an output > 750 kVA",359664.8,Transportation,850164
45,850300,0.089970506893597,0.049975522114727,0.7827980346876875,1.147014005929366,1.6320455114661938,0.5464491450155301,0.0187774810806999,Parts for electric motors and generators,2924019.2,Transportation,850300
46,850490,0.082966220112606,0.0364301866843766,0.0859663304887221,1.2885428285232063,1.7679437904332478,0.3213831346180078,-0.0366571787263286,Parts of electrical transformers and inductors,1155903.0,Transportation,850490
47,851410,0.0665589628195275,0.1415790961855678,0.0958927693370163,2.4777592633469814,0.8958289248084089,1.871626927285432,0.4261744630835071,Industrial electric resistance heated furnaces & oven,796755.6,Transportation,851410
48,851420,0.0795308429453669,0.0064156898991985,0.2632969265464848,2.417974068411805,0.8009328267355118,1.1890654532313336,0.3021240375579671,"Industrial electric induction, dielectric furnace/ove",12231.2,Transportation,851420
49,851430,0.0750861029007591,0.0337549939664267,0.2875747689967857,1.500470232575285,1.4022095902218803,1.2534815078004446,0.3048588896512514,Industrial/laboratory electric furnaces and ovens nes,88747.0,Transportation,851430
50,851490,0.0826962517897254,0.0425013295987242,0.1971399816931737,1.535635264413967,0.8267822344556747,0.8381487265710779,0.3275986803825166,Parts of industrial/etc electric furnaces/ovens nes,213032.8,Transportation,851490
51,854390,0.0621945396387923,0.0056305880238694,0.0638122299016169,0.5947480805286749,1.4055832636519263,0.7663019275832782,0.1551412714025112,Parts of electrical machines and apparatus nes,189883.6,Transportation,854390
52,901580,0.1020983445383615,0.0652199271075214,0.1323551497020112,0.7481644334293424,0.5192398963693535,-0.6466237013764831,0.0162757822156931,"Surveying, etc instruments nes",948910.0,Precision Instruments,901580
53,902610,0.084555510792814,0.0536874544924276,0.315268328519741,2.356692705719124,0.4824544946710782,1.3400624520868416,0.335609521583506,Equipment to measure or check liquid flow or level,984809.4,Precision Instruments,902610
54,902620,0.0823736969493745,0.0333773589493361,0.2264971706627936,2.650112303917049,0.6437487833772376,1.6777281838062588,0.4080147028028902,Equipment to measure or check pressure,1030664.8,Precision Instruments,902620
55,902680,0.0866124462224253,0.0373418138312437,0.059026958968633,2.7350651615796444,0.2909114628709889,1.299487588600264,0.2780024938560894,"Equipment to measure, check gas/liquid properties nes",449242.6,Precision Instruments,902680
56,902690,0.0813045153139313,0.0382309644260283,0.1247368804778107,1.5894180183899334,0.7806713322417419,1.3264362184167022,0.3394456456899204,Parts of equipment to measure or check fluid variable,538298.4,Precision Instruments,902690
57,902710,0.0762109465689387,0.0238769316799957,0.3062328717823347,3.790189808559863,0.2044439411150345,1.817227991425168,0.4599262279232523,Gas/smoke analysis apparatus,462983.8,Precision Instruments,902710
58,902720,0.0710445424450123,0.0140275240847663,0.032372024240635,1.2786357796190897,0.6546903293551731,1.6956546502562568,0.4874123493098078,"Chromatographs, electrophoresis instruments",106725.6,Precision Instruments,902720
59,902750,0.0764141710185112,0.0688955122648636,0.0169005534379312,2.3638181976411032,0.2799144534241167,1.88240414757392,0.425706902617591,Instruments nes using optical radiations,1828828.4,Precision Instruments,902750
60,902780,0.0730842959832296,0.0535351371733168,0.037080496118263,2.0752607436454777,0.4512356963569579,2.1042981401328182,0.4548091986397632,"Equipment for physical or chemical analysis, nes",2090315.4,Precision Instruments,902780
61,902790,0.074537954334689,0.0323311199999307,0.1038093435511328,1.9080304336074605,0.4197378559637555,2.152726835560107,0.495474716524929,"Microtomes, parts of scientific analysis equipment",1160720.6,Precision Instruments,902790
62,903180,0.0741106464667275,0.0994685931174487,0.1265636061365486,2.5580446953593534,0.7443796098232396,1.3576587887834788,0.3159211138544709,"Measuring or checking equipment, nes",7330645.4,Precision Instruments,903180
63,903190,0.0733198917939462,0.0526858267648158,0.0660828373889932,1.9843351541594063,0.6017604865457558,1.652567918999723,0.3553117645506838,"Parts and access for measuring, checking equipment ne",1302016.8,Precision Instruments,903190
64,903289,0.0797293476768942,0.1293137886224778,0.546704576254786,1.4952422563692769,0.7241876899429835,1.3518234636054178,0.3041444008277045,Automatic regulating/controlling equipment nes,9558820.8,Precision Instruments,903289
65,903290,0.0864275250994881,0.0413217961693099,0.1038642407105244,1.111489986831028,0.78103477755327,0.7278379829319586,0.1549056619480626,Parts and accessories for automatic controls,757761.2,Precision Instruments,903290
66,903300,0.0904202498042829,0.0255938965389992,0.0685864940439288,1.21963522084795,0.7429462977169868,0.862152128487673,0.0973094534744298,Parts/accessories nes for optical/electric instrument,251672.2,Precision Instruments,903300
67,441830,0.0987572260817802,0.0064573281355317,0.5674940597644519,1.125743043559362,1.057396977832329,0.2787215129402041,-0.009934662716749,"Parquet panels and tiles, of wood",33487.4,Wood and Wood Products,441830
68,901380,0.0349499954891668,0.0004841733784716,0.0032073375794376,0.0578969068374808,3.386723303313858,0.9023819801641044,0.1903176765544323,"Optical devices, appliances and instruments, nes",91238.8,Precision Instruments,901380
69,901390,0.0595407270521867,0.0016555721323652,0.0028030661102902,0.774363759796777,1.9343938800461156,0.4326819939278532,0.2009100800249138,Parts and accessories of optical appliances nes,39568.2,Precision Instruments,901390
70,732510,0.095573505139506,0.0431588852063126,0.204750933256288,2.009022918222156,1.323271519334278,0.3599922322171536,-0.0269065565356677,"Cast articles, of non-malleable cast iron nes",394292.4,Base Metals,732510
71,840991,0.0855149762828786,0.4317969818511138,0.91314606019136,2.156960137891903,0.6146809823572632,1.1572451436141689,0.2322347933110888,Parts for spark-ignition engines except aircraft,47877099.6,"Machinery, Electrical",840991
72,841013,0.1013691916428965,2.0895631582980885,12.873854062332065,1.7656737396998452,1.2284120715022873,0.9444349469527136,0.236177777426371,"Hydraulic turbines, water wheels, power > 10000 kW",1786577.8,"Machinery, Electrical",841013
73,841320,0.0786788622442036,0.177343706200387,0.0851030716546038,1.154180151897871,2.8227108718961698,0.1019427500502628,0.1789480218024575,Hand pumps not designed to measure flow,455947.8,"Machinery, Electrical",841320
74,841350,0.0811901820081787,0.3362836737807653,0.1177402090048341,2.7283892764743305,0.5825736557284731,1.0543306457179349,0.3446924074523259,Reciprocating positive displacement pumps nes,8812390.6,"Machinery, Electrical",841350
75,841360,0.0862660440045268,0.3643204415780263,0.5937918888899046,2.393881561829064,0.976490897740578,1.293601563695009,0.3540809346016662,Rotary positive displacement pumps nes,7834458.0,"Machinery, Electrical",841360
76,841370,0.0848249046034918,0.9513645089575034,0.5289599018551003,1.6579248557935546,1.233109301194795,1.3333837914732718,0.3256369764917964,Centrifugal pumps nes,45001629.2,"Machinery, Electrical",841370
77,841381,0.0919160562399337,0.1435268255711564,0.2204388331115979,0.7576906030220943,0.7039159634946467,0.625870835285457,0.1214655464834463,Pumps nes,2093961.4,"Machinery, Electrical",841381
78,841410,0.0662465119617749,0.2402762551943782,0.241264983833994,2.857983829353484,0.4052135013048081,1.7009822547088151,0.4094461863014539,Vacuum pumps,3474490.2,"Machinery, Electrical",841410
79,841430,0.0809368239884016,0.0638709848315226,2.3300636201284552,0.8652280847014941,1.7205908762400743,1.2931830959296091,0.2407038072231314,Compressors for refrigerating equipment,3036650.0,"Machinery, Electrical",841430
80,841440,0.0873521040009335,0.3921092334514039,0.2961922501162968,1.3625552564073562,1.111068499518569,-0.0799113956799748,0.0840685293431784,Air compressors mounted on wheeled chassis for towing,1000731.2,"Machinery, Electrical",841440
81,841480,0.0895147966745574,0.2963388528527411,0.5714379839831293,2.0645115670180183,0.8664191446790545,1.3938329151577102,0.3310798675331261,"Air or gas compressors, hoods",20485047.4,"Machinery, Electrical",841480
82,841490,0.0843890153109136,0.0685216706965339,0.3406161839545805,1.131628704439192,0.8572960244803828,1.436241313865761,0.3062887645336002,"Parts of vacuum pumps, compressors,fans,blowers,hoods",3586230.4,"Machinery, Electrical",841490
83,842119,0.0796165539210182,0.2221111679136698,0.1742264685729286,4.510240448472687,0.7557147972570041,1.0022962786138854,0.2853879885533598,Centrifuges nes,1569059.4,"Machinery, Electrical",842119
84,842191,0.0864998187280615,0.1439699741761099,0.0890025140302483,3.000897399164106,0.3854387457979617,1.593717123532281,0.3645383393797101,"Parts of centrifuges, including centrifugal dryers",466834.6,"Machinery, Electrical",842191
85,842220,0.0875804787730799,0.6258085224511007,0.3013199065421801,3.3906368075020787,0.4145563533629203,1.1285867028760306,0.2345293345707578,Machinery for cleaning/drying bottles/containers nes,1362175.6,"Machinery, Electrical",842220
86,847439,0.1020444909423197,0.3358397186767959,0.533038712768476,2.319149110376839,1.3530305242502432,-0.6074271912335922,-0.0910157804379122,"Mixing, kneading machines for minerals except bitumen",692894.0,"Machinery, Electrical",847439
87,848110,0.0902366257268591,0.7366033247921849,0.2887548896674654,1.4281462583589932,0.6102977970418432,1.063579882602661,0.2286124605012459,"Valves, pressure reducing",8130511.0,"Machinery, Electrical",848110
88,848130,0.0728549175136041,0.0931372657528235,0.2028969843074576,1.6539008895128964,1.110976101647318,1.3355872628045675,0.3807921022176929,"Valves, check",890410.0,"Machinery, Electrical",848130
89,848140,0.0796167227711379,0.1262235871734952,0.1567277122100325,1.8004838223284476,0.2991409222337171,1.7912490209667884,0.4113286386157082,"Valves, safety or relief",1846046.2,"Machinery, Electrical",848140
90,848180,0.0855409758880829,0.3255436571963267,0.8322481103082735,1.470123947098987,1.4080373091426388,1.2014569433279965,0.2673007629551416,"Taps, cocks, valves and similar appliances, nes",57450141.6,"Machinery, Electrical",848180
91,850440,0.0645558024849356,0.0204541827509476,0.1285346184752654,1.1986524209324156,2.7123204801226843,1.0786618357432018,0.2198376378089964,"Static converters, nes",3541438.0,Transportation,850440
92,854380,0.0637127951236645,0.0460215628232479,0.0628778501975985,1.0879039127022905,2.4916081666286143,1.4825315513499653,0.3631304893178392,"Electrical machines and apparatus, nes",5137076.8,Transportation,854380
93,902511,0.0682445250081636,0.0605698049294268,0.156027651680592,1.9080417500481333,2.893021149956662,1.2164765886848787,0.2762052427728155,"Thermometers, liquid-filled",33694.2,Precision Instruments,902511
94,902519,0.0706480424421255,0.0556519716030042,0.0687476121740761,2.0476355830097277,1.6638705203379234,0.8341989214047058,0.2409331562107705,"Thermometers, except liquid filled",541899.8,Precision Instruments,902519
95,902580,0.0741516877368511,0.0373465881895681,0.1425561430234893,2.089749968876628,1.2644590371613438,0.9501564322744004,0.2030022263023783,"Hydrometer, pyrometer, hygrometer, alone or combined",144595.8,Precision Instruments,902580
96,902810,0.1228145674591861,2.846930193598844,0.3637964637892816,3.2439352764039517,0.4864100283381153,0.2593236104645728,0.0805282627610156,Gas supply/production/calibration meters,7804399.6,Precision Instruments,902810
97,902820,0.0892354789280404,0.0203912153235262,1.6742826597763336,1.7175303160485502,1.0596443701187872,0.591192351229508,0.0747035380696748,"Liquid supply, production and calibrating meters",92154.4,Precision Instruments,902820
98,903010,0.0941152846369389,0.0943801084350212,0.0191871526468641,2.5884994136358004,0.1114764297667001,1.0523507846783893,0.2758885324797905,Instruments to measure or detect ionising radiations,402490.8,Precision Instruments,903010
99,903220,0.0757645053259738,0.032278598047178,0.1176859087600695,6.2796190053641245,0.1971258079674158,1.3842236741654568,0.3210071207666768,Manostats,147172.8,Precision Instruments,903220
100,903281,0.0628713631417389,0.0557431355489269,0.0792210909866452,6.537880014216662,0.3832049606020158,1.3347467207863173,0.0627929857019191,Hydraulic and pneumatic automatic controls,458487.8,Precision Instruments,903281
101,252100,0.0988394710622062,0.1180106087038857,0.0332652860493627,0.0922153999448987,0.1297500990335405,-0.91136403023287,-0.1418005140326474,Limestone materials for manufacture of lime or cement,331256.8,Mineral Products,252100
102,252220,0.1341707322355397,1.1994103734972466,0.3354291442297018,0.8333333513455831,0.5165929393745818,-0.7714384641546641,-0.0937279848999384,Slaked lime,935327.4,Mineral Products,252220
103,281610,0.0864906188943366,0.0,0.0497709224173226,0.9739712525096608,0.6007176398239278,0.7962056128676807,0.3021476157682979,Magnesium hydroxide and peroxide,0.0,Chemicals and Allied Industries,281610
104,701990,0.0970366168367348,0.0615129163654604,0.0989453440943556,0.947349872485773,1.4726448458253634,-0.0315363442789633,-0.0281699723752613,"Glass fibres, glass wool and articles thereof nes",544607.6,"Natural or Cultured Pearls, Precious Metals",701990
105,842490,0.1023003296840191,1.523649528017425,0.2842418365124151,1.8327396634180448,1.034169227752078,0.9824952289546592,0.2047819435167686,Parts for sprays and powder dispersers,26818704.0,"Machinery, Electrical",842490
106,280110,0.1171938910993643,0.1191994805528807,0.0023383066630922,0.6036324678310143,0.2119391679782948,-0.7387551697527817,-0.1140038117901034,Chlorine,70393.2,Chemicals and Allied Industries,280110
107,281410,0.1216769261956226,0.3354555464066591,0.183362696086084,0.1867580056247411,0.0071248435903198,-1.2183766555900306,-0.0133126384599738,Anhydrous ammonia,8498071.4,Chemicals and Allied Industries,281410
108,281511,0.1272565050094615,1.1304684145719677,0.0631735763447253,0.467786319966892,2.933506237217336,-1.2784528663274006,-0.1127308061012446,Sodium hydroxide (caustic soda) solid,2985298.4,Chemicals and Allied Industries,281511
109,281512,0.0942998453486,0.6982657998138059,0.1683351370223319,1.5382538250952889,0.6504458249998569,0.507884066161737,0.2385626380437722,Sodium hydroxide (caustic soda) in aqueous solution,9612530.8,Chemicals and Allied Industries,281512
110,281830,0.1084421067155697,0.0073144304661031,7.01528800331735,2.6328948035467623,0.7261884026223313,0.2295296748126432,0.0170688864825304,Aluminium hydroxide,36566.0,Chemicals and Allied Industries,281830
111,282010,0.0812609474843279,0.0,0.2826971980752761,0.0744035424473337,2.648331646792184,-0.5112538929763046,0.0458978007996521,Manganese dioxide,0.0,Chemicals and Allied Industries,282010
112,282090,0.0969733354534228,0.0033683454958613,3.8920046963814015,0.1317914318596582,0.4187006765171508,0.3996018691823652,0.1080351189241988,Manganese oxides other than manganese dioxide,1663.6,Chemicals and Allied Industries,282090
113,282410,0.1346687605339081,1.2768206653955885,1.6148343968810834,1.8671934651138056,0.2220451827056071,-0.4299365635476659,0.0893763123268547,"Lead monoxide (litharge, massicot)",307809.0,Chemicals and Allied Industries,282410
114,283210,0.07615293980199,0.0786376253072844,0.0655675524673656,2.4342934975924435,2.057029750682688,-0.7113388940467887,-0.0056767276265584,Sodium sulphites,81792.2,Chemicals and Allied Industries,283210
115,283220,0.0876945528876137,0.0552245835474436,0.4614495980709446,2.268923424759878,0.8546204274847914,0.1042952270096003,0.2012931783982771,Sulphites of metals other than sodium,15598.8,Chemicals and Allied Industries,283220
116,283510,0.0628584969645188,0.0020801200727107,0.0905945066005269,0.3745984394016937,4.369984046463357,0.4846035974331098,0.0357524905346074,Phosphinates and phosphonates,1138.8,Chemicals and Allied Industries,283510
117,283529,0.0987535558111083,0.0288563834811973,0.070654221295542,2.644644079268775,0.9934274826243088,-0.1393368426844551,-0.0107396540622395,Phosphates of metals nes,23097.6,Chemicals and Allied Industries,283529
118,283524,0.0746581162803959,0.0068937338078344,0.0179878934643056,1.0021088772050164,3.155998457876445,0.5007141118654899,0.1838555912169197,Potassium phosphates,6845.2,Chemicals and Allied Industries,283524
119,283525,0.0892559171690327,0.0061380896288914,0.4884578780231866,1.10312525127149,2.2971591058193206,-0.2298848773219892,0.0596460761214031,Calcium hydrogen-orthophosphate,9304.6,Chemicals and Allied Industries,283525
120,283526,0.1170148853130284,0.0989260930542734,1.1375098743727303,0.7463746104221677,0.8685162507936245,-0.1973677322377841,-0.0864433143844978,Calcium phosphates except hydrogen-orthophosphate,369666.2,Chemicals and Allied Industries,283526
121,380210,0.0740672744855336,0.0173995876470993,0.0844111713689072,0.5189373667896816,1.584448332468451,-0.3881512640822785,0.0180231828844428,Activated carbon,96100.2,"Plastics, Rubbers",380210
122,392690,0.0896555462565993,0.1014233357840711,0.1428428356980604,1.6570626437768396,1.4471508160089523,0.6538734004784088,0.0790680460787482,Plastic articles nes,19947013.0,"Plastics, Rubbers",392690
123,580190,0.0734395285665706,0.0123597039968649,0.0175646424572358,0.2423574032090224,2.635072536506138,-0.6145002076401427,-0.0928811390345011,"Woven pile, chenille fabric of yarn nes, except terry",4802.8,Textiles,580190
124,730900,0.108215363041632,0.3929596271575807,0.8677563817292315,1.024803440597802,0.7243890151175084,-0.1042375234638601,-0.061172439670854,"Reservoirs/tanks/vats/etc, iron/steel capacity >300l",5312865.2,Base Metals,730900
125,731010,0.107762338173406,0.2441222509343328,0.2493332486305988,1.4667193971598336,0.4315711214124754,-0.1332818932285552,-0.0541301953589906,"Tank, cask or container, iron/steel, capacity 50-300l",1281848.2,Base Metals,731010
126,731021,0.1111848800303257,0.0760809033899315,0.103981031524164,0.7981275672260237,0.9719154210028396,-0.3679011947462999,-0.1104735064737724,"Cans, iron/steel, capacity <50l closed by crimp/solde",614397.4,Base Metals,731021
127,731029,0.0985053227938619,0.1055008337861811,0.3385000199549896,1.378833940956112,1.4881190492741532,-0.3285277962181596,-0.1559278270785826,"Cans, iron or steel, capacity <50 litres nes",852609.8,Base Metals,731029
128,842381,0.067080952336369,0.1082903454715202,0.0597517176115545,3.407480064242185,2.2254399434952545,0.5933095743010225,0.1660985586620602,Weighing machinery having a capacity < 30 kg nes,289331.8,"Machinery, Electrical",842381
129,842382,0.0699836741835851,0.3597653032819095,0.0819615208009026,1.544845795461257,1.7159926631655185,1.5362667242070158,0.3767320184877196,Weighing machinery having a capacity of 30-5000 kg,761874.6,"Machinery, Electrical",842382
130,842389,0.1110636914553155,1.1835342189745326,0.2599850998265484,0.6825154648385665,1.309361662051706,-0.0073643054297899,-0.0992748020547781,"Weighing machinery, nes",1052360.0,"Machinery, Electrical",842389
131,681099,0.0878007809552527,0.0184578142071217,0.1041236697992021,0.9557983615149832,2.577516170243755,-0.252963712545268,-0.0933308020763898,"Articles of cement, concrete or artificial stone nes",269692.8,"Stone, Glass, Cement, Ceramics",681099
132,780600,0.1134068223975457,0.3825410089085127,0.4812702751331255,1.2057015722724287,0.4402300449644822,-0.8304743462481701,-0.0451843173754074,Articles of lead nes,488616.2,Base Metals,780600
133,851629,0.0842575597717652,0.0173825787780588,0.0047856972790777,0.8647593088020525,3.879238734886079,0.2099839877246699,-0.0158003373757302,Electric space heating nes and soil heating apparatus,182234.2,Transportation,851629
134,901320,0.0683670317780567,0.0032242316761852,0.006131478221168,3.3903931655195056,0.5703292474642857,1.7934841257053278,0.4247115639350105,"Lasers, other than laser diodes",64819.6,Precision Instruments,901320
135,392490,0.1022289198933798,0.0520258637794776,0.1746498477124244,0.569994958513936,3.553967266357511,-1.4099754297019846,-0.1687124890688875,"Plastic household, toilet articles not table, kitchen",1339828.2,"Plastics, Rubbers",392490
136,960310,0.0911929322502497,0.0377955230988977,0.0765951515688569,0.1308325139323721,2.096908465752823,-1.3042360309848595,-0.306940812593857,Brooms/brushes of vegetable material,21058.8,"Works of Art, Antiques",960310
137,960350,0.0823322090879057,0.1086786716548861,0.1589832349915552,2.815925380059725,1.462835149284374,0.6056690086497998,0.1484717307532557,"Brushes nes, as parts of machines, appliances etc",302538.2,"Works of Art, Antiques",960350
138,960390,0.084897347525744,0.1111467063238768,0.2703546411833712,0.9527592379587034,4.136696664128231,-0.96547474590232,-0.0940220147069099,"Brushes, parts, nes",1124898.2,"Works of Art, Antiques",960390
139,392020,0.1078195116213465,0.2943873321768124,0.4601970317983248,1.4285445965465071,0.5330485459309098,-0.3894207082064348,-0.1371562362145245,Sheet/film not cellular/reinf polymers of propylene,9399430.6,"Plastics, Rubbers",392020
140,870892,0.0922426274458495,0.0570415147027206,0.1766160039859741,2.1953335172288773,0.5064635863472894,0.7069008475975859,0.116676125417895,Mufflers and exhaust pipes for motor vehicles,1709875.6,Transportation,870892
141,284700,0.1008126405915025,0.0477978429718164,5.660954538106089,0.8309154168766784,0.0626338176820176,-0.1455796913531071,0.0024701837208941,Hydrogen peroxide,116398.6,Chemicals and Allied Industries,284700
142,320910,0.1093303599523162,0.3549890313715425,0.6297775389045438,2.5188485698822736,0.0723956185106313,0.1846951041770981,-0.030148530935034,"Acrylic & vinyl polymer based paint, varnish, in wate",3997762.6,Chemicals and Allied Industries,320910
143,320990,0.1106051949017812,0.2328750999270208,0.2684277229739488,2.264664337101531,0.2277871165312281,0.1398469504721932,0.0424135332018566,"Polymer based paints & varnishes nes, aqueous medium",2254866.4,Chemicals and Allied Industries,320990
144,220110,0.1084311847972497,0.0083836301879786,0.0100987153691247,0.4629798954228506,0.1550474298742027,-0.4106519795416008,-0.0365558104458769,Mineral and aerated waters not sweetened or flavoured,68939.2,"Prepared Foodstuffs, Beverages, Tobacco",220110
145,285100,0.052750181577317,0.0103012982095794,0.0654899499729371,0.6551861590501195,1.747798697954905,1.3757743864837366,0.2383323564296564,"Inorganic compounds,liquid/compressed air,amalgams ne",55249.6,Chemicals and Allied Industries,285100
146,391400,0.0686692928520858,0.0182039237273267,0.0681551348562394,1.5420534358858549,1.0661309413666331,1.564757797501738,0.4056967525702333,Ion exchangers based on polymers in primary forms,91961.2,"Plastics, Rubbers",391400
147,841911,0.0627260085602316,0.1646108213332953,0.0584559722403427,0.3474512445158598,1.7368341409377064,0.2983262700840461,0.1350279991798014,Instantaneous gas water heaters,677617.2,"Machinery, Electrical",841911
148,290511,0.1272853613523333,0.7625352785130196,0.0004587411850198,0.1629605154593371,0.0879622652229464,-1.1465279386925902,0.0329905976437168,Methyl alcohol,23247433.4,Chemicals and Allied Industries,290511
149,220710,0.1289129541373379,0.6415489170176514,11.315692237214993,0.4386271054979395,0.0447044133667754,-1.2898471015591086,-0.0508978143685681,Undenatured ethyl alcohol > 80% by volume,13177717.2,"Prepared Foodstuffs, Beverages, Tobacco",220710
150,381511,0.0850591979328205,0.1920397374068576,0.0585053136125116,1.5749006098163203,0.0392650048072563,1.061680964676893,0.3520673639812468,"Supported catalysts, nickel based",711500.4,"Plastics, Rubbers",381511
151,700800,0.0967321741765578,0.0171603559973106,0.0695178984480687,2.53463474670906,1.0004061662042942,0.5185207702557594,0.0279283049998356,Multiple-walled insulating units of glass,102823.0,"Natural or Cultured Pearls, Precious Metals",700800
152,853931,0.0705099937233766,0.0367190981294291,0.0370497747119373,0.6866988197208691,4.91092900658837,0.3862913694101053,0.0768816049233727,"Fluorescent lamps, hot cathode",429089.4,Transportation,853931
153,390940,0.0930569843515201,0.6862437443539801,0.8712304808338639,1.3576971950472354,0.6297301943588639,1.2759713683773402,0.2527599320383236,"Phenolic resins, in primary forms",4425375.0,"Plastics, Rubbers",390940
154,392010,0.1234207343463798,1.161204279102758,0.4842892623685749,1.769754404514876,0.6120152810362542,-0.0893475778991684,-0.082142375669944,Sheet/film not cellular/reinf polymers of ethylene,60510885.4,"Plastics, Rubbers",392010
155,450410,0.0953635048361235,0.0019106554421994,0.0072298260979746,0.3130697381487251,0.167965146101413,-0.8951089866858598,0.0385547955293337,"Blocks, sheets, strip and tiles of agglomerated cork",4337.2,Wood and Wood Products,450410
156,530310,0.0819557186953129,0.0,0.058282829429532,0.1515042066407375,0.5440903264735902,-2.7603330072480614,-0.0111452564051728,"Jute and other textile bast fibres, raw or retted",0.0,Textiles,530310
157,560300,0.1067548002661105,1.0042906164839338,0.7051695105948549,1.694066428041691,1.3111035193784195,0.6348613110223268,0.1542810586329219,Nonwovens textiles except felt,49786044.4,Textiles,560300
158,560721,0.1053554265951341,0.0,39.04964982959275,0.0899582258192343,0.3078223904888393,-1.4354314005386404,-0.0999235236551049,"Binder or baler twine, of sisal or agave",0.0,Textiles,560721
159,560811,0.093632386380965,0.1995659692426702,0.0350689520471349,0.0358008392096768,2.7640222290113305,-0.9834554910197224,-0.2293865208679176,"Made up fishing nets, of manmade textile materials",553408.2,Textiles,560811
160,630510,0.1071218123612075,0.026155242606724,0.0179457408125454,0.0803450986223622,0.2434156163612091,-2.3428624756369785,-0.1600621517599675,"Sacks & bags, packing, of jute or other bast fibres",27016.6,"Footwear, Headgear",630510
161,691010,0.0880598496474407,0.1475953749518906,0.0797859232717547,0.6909306752165238,4.4120612796082055,-0.6214675497117645,-0.0985736435681252,"Porcelain bathroom, kitchen & other sanitary fixtures",2906456.0,"Stone, Glass, Cement, Ceramics",691010
162,701931,0.0905368445120633,0.0032268893450278,0.4079864404678429,1.4529733964884892,1.6259445354030837,0.5013861529225867,0.103151528036603,Mats of glass fibres,7604.6,"Natural or Cultured Pearls, Precious Metals",701931
163,730300,0.0851507129030367,0.0528894731368188,0.7504042591693383,0.9377481632420636,1.9767115521129817,-0.2661068068245452,-0.0205034714927374,"Tubes, pipes and hollow profiles, of cast iron",330233.6,Base Metals,730300
164,730431,0.0979924171623483,0.6789876890204388,0.1087814735404654,2.3785492223522784,0.8719275190071796,0.5088020919945265,0.1636208192385539,"Iron/non-alloy steel pipe, cold drawn/rolled, nes",3603311.4,Base Metals,730431
165,730490,0.1210828522197389,1.182255348644229,0.3092831856872819,0.8826322125655656,0.8256088102289014,0.0049134613933902,-0.0514625707970197,"Iron or steel tubes, pipes or hollow profiles, nes",4760465.8,Base Metals,730490
166,730630,0.0977185320182051,0.695467574733769,0.272938150871317,0.846332230899152,0.8955624107917421,-0.3791033884050171,-0.1500462931437565,"Pipes etc nes, iron/steel welded nes,diameter <406.4m",17328640.4,Base Metals,730630
167,730690,0.1091433750453689,0.186877602924441,0.5778559410831127,0.319432492687337,0.7811500708789694,-0.808670784719234,-0.1644172859563139,"Tube/pipe/hollow profile, iron/steel,riveted/open sea",880830.4,Base Metals,730690
168,732190,0.0890086116830293,0.0376549797223984,0.2200306344178676,0.443809909166077,2.862693316888729,0.2949472709515962,0.0175375961613113,Parts for domestic non-electric thermic appliances,194215.0,Base Metals,732190
169,732690,0.0949918429607365,0.3161245212327203,0.3302364753038456,1.4374381804586982,1.1911174749351403,0.6737978847503777,0.035750741570992,"Articles of iron or steel, nes",41930799.0,Base Metals,732690
170,761100,0.0988166907933567,0.270086637855384,0.1411219919927839,1.697388818108009,0.320669309242163,0.5564478577637189,0.1437768021453291,"Aluminium reservoirs,vats, tanks, etc, volume >300l",188590.2,Base Metals,761100
171,761290,0.1134412492451155,0.3612587295991677,1.3174682271667606,1.561838309977174,0.2757876946222016,0.1136854823012136,-0.0819607226431213,"Aluminium casks, drums, boxes etc, capacity <300 litr",5514661.6,Base Metals,761290
172,840219,0.0905374243199044,0.3342568384419282,0.5861756129674489,1.2122217696418762,1.1586452321482434,0.2269397432933786,-0.0160799896957383,"Vapour generating boilers nes, hybrid boilers",1012969.8,"Machinery, Electrical",840219
173,841280,0.0831943187786169,0.1276571305606137,0.0669331289331941,1.566715980935781,0.1939870902964469,0.6594578895012637,0.2141248980232235,Engines and motors nes,435213.8,"Machinery, Electrical",841280
174,841459,0.0724016781031381,0.0545880869005689,0.2620543450796133,2.690705255491519,1.545503484346595,1.030386467307042,0.2268374416934789,"Electric fans, motor > 125 watts",1958451.2,"Machinery, Electrical",841459
175,841581,0.0944029361479597,0.0043291588837234,0.0670129306061822,0.1269672686348891,1.938281743131942,0.1113454225979551,0.0173022047419313,Air conditioners nes with reverse cycle refrigeration,41771.0,"Machinery, Electrical",841581
176,841869,0.0882177980105118,0.191369654527944,0.282270449602464,0.8242216421231017,1.2157464063862298,0.6876930434587031,0.1030934489506734,Refrigerating or freezing equipment nes,5477838.6,"Machinery, Electrical",841869
177,841940,0.07383344908341,0.5466184650720481,0.4964930746679854,1.6393725145268656,1.3073607986204416,1.21266112540778,0.2605583715406059,Distilling or rectifying plant,2485088.4,"Machinery, Electrical",841940
178,842290,0.0857205909083238,0.3454089831505704,0.2512957489826165,2.818383385665721,0.3645243451509872,0.9045069322060968,0.1920087710381686,"Parts of wash, filling, closing, aerating machinery",7835047.2,"Machinery, Electrical",842290
179,842833,0.0943073529686932,0.3806980997423033,0.4491096083606909,1.8885143672653175,1.1389075994903262,0.7119897041626362,0.1305375212547775,Continuous action goods conveyor or elevator belt typ,4427914.0,"Machinery, Electrical",842833
180,842940,0.0913372307039885,0.0298851636946495,1.6464949934302078,4.1538177528905,1.3370413664126315,-0.7669113507438439,0.0240816263069516,"Tamping machines and road rollers, self- propelled",205402.0,"Machinery, Electrical",842940
181,846291,0.0827097654209607,0.1964609741624941,0.2536926461120184,2.338658000296991,1.04653778871202,0.960093361606174,0.1802081613979162,Hydraulic presses for working metal,757547.0,"Machinery, Electrical",846291
182,846596,0.0749717200196516,0.0,0.322930152763365,1.9984220095873888,2.617100945235685,0.8841185030181722,0.1818096496077612,"Splitting, slicing or paring machines for wood, etc",0.0,"Machinery, Electrical",846596
183,846599,0.0854740702705119,0.0306195305078422,0.3988922911717979,1.119446596274848,1.1658789637387583,0.2249815907141714,0.0119547967268753,"Machine tools for wood, cork or hard plastic, etc nes",156636.6,"Machinery, Electrical",846599
184,846694,0.0908324607491726,0.0436128590994595,0.2624958829717712,1.6615012119192845,0.3190856054116577,1.3050333309610715,0.2685252544870422,"Parts, accessories nes, metal shaping machine tools",570684.2,"Machinery, Electrical",846694
185,848190,0.0804435877591454,0.2181031730231701,0.305238119348244,1.2948604703016908,1.605001485518849,1.1098688692568583,0.2562234697414757,"Parts of taps, cocks, valves or similar appliances",12138449.8,"Machinery, Electrical",848190
186,848340,0.0831427978617799,0.2828483967191922,0.3215325542489911,2.4443665388802045,0.8812949729354642,1.6951369274887564,0.4081783836795623,"Gearing, ball screws, speed changers, torque converte",16622568.8,"Machinery, Electrical",848340
187,848360,0.0775893141900104,0.2004259741976766,0.2450039221328265,2.9140223768823743,0.7670992875407445,1.8708026773369404,0.4525825415370783,"Clutches, shaft couplings, universal joints",2052239.0,"Machinery, Electrical",848360
188,850161,0.0986737974889725,0.1058366041355466,0.6027608906997609,0.7027887347926453,1.179178715399689,-0.3490183990939026,-0.0258632065654086,"AC generators, of an output < 75 kVA",365281.8,Transportation,850161
189,850162,0.0803798825661597,0.2074259202636314,0.5014699266326311,2.593034980731025,0.5952156116854669,1.087571230554356,0.2723008375209187,"AC generators, of an output 75-375 kVA",754393.4,Transportation,850162
190,850163,0.0953396431358873,0.2813437865293422,0.7863461156873565,0.2743169722947843,0.9456352721416716,0.5811666946667333,0.1141375276195619,"AC generators, of an output 375-750 kVA",330443.8,Transportation,850163
191,850421,0.1237066285657464,0.8156506888660104,1.6103956372374273,0.3700931809155792,0.527062435696882,-0.4885659065681814,-0.1831979215762789,Liquid dielectric transformers < 650 KVA,4581364.8,Transportation,850421
192,850422,0.1104775292289776,0.34061565037762,0.574697874036118,0.6532366552467335,0.652666596282676,0.0107522783392662,-0.129177617444734,"Liquid dielectric transformers 650-10,000KVA",1889066.6,Transportation,850422
193,850423,0.0910197020255952,0.046643527933987,2.0789616983622143,0.9579525916404872,1.2154399539597684,0.461736197221265,-0.0116946251189127,"Liquid dielectric transformers > 10,000 KVA",809145.6,Transportation,850423
194,850431,0.08850608525105,0.0346649651830248,0.1058174231448348,1.3364789808924549,2.7383343883161744,-0.4753268965423541,-0.1529155350857176,"Transformers electric, power capacity < 1 KVA, nes",557536.6,Transportation,850431
195,850432,0.0947416627286514,0.0188110925370404,0.1460110553789274,1.076926204762501,1.2103320987355322,0.2362988541284821,-0.0745176969629491,"Transformers electric, power capacity 1-16 KVA, nes",37097.0,Transportation,850432
196,850433,0.1058849701792081,0.0422835358308462,0.2143461076144898,0.6075197040105587,0.5266633856501028,-0.2663851773641752,-0.11735007652146,"Transformers electric, power capacity 16-500 KVA",167000.2,Transportation,850433
197,850434,0.0988159700180497,0.1085522382587435,0.6105873444087943,1.523620726717684,0.8976973776313062,0.476676977090413,0.0123453866242952,"Transformers electric, power capacity > 500 KVA, nes",622830.2,Transportation,850434
198,850590,0.0766441159364828,0.0326528290524184,0.1191892221586879,2.077131376411174,1.1836671573382962,1.1743241282693653,0.2483794502163318,Electro-magnets nes and parts of magnetic devices,306098.6,Transportation,850590
199,850619,0.07060039246878,0.0030285738820477,0.0122883079158766,1.0680902072537004,1.0746341430669508,0.8098375513599024,0.2133580157418133,"Primary cells, primary batteries nes, volume < 300 cc",35586.6,Transportation,850619
200,850720,0.0839468480246371,0.0303078685491598,0.0721611458869385,0.95549284009674,2.2151329625875893,-0.0649766648950897,0.0072269679647317,Lead-acid electric accumulators except for vehicles,744646.6,Transportation,850720
201,850980,0.080098438162921,0.0104264639624186,0.0081858181162444,1.7402432687906533,3.15265380090806,0.8772974215483941,0.1629803385727539,"Domestic appliances, with electric motor, nes",183325.2,Transportation,850980
202,870290,0.0789478458723332,0.0575334326696808,0.6966643246725486,0.4858601560270615,1.141478456327549,0.6315253654988877,0.0993963675163052,Buses except diesel powered,549312.2,Transportation,870290
203,870390,0.0794239451541459,0.0002100336383583,0.5677851770605443,1.7958344071792829,0.0487480016528726,1.630275117890805,0.3924231016720022,Other Vehicles Including Gas Turbine Powered,17062.0,Transportation,870390
204,890790,0.1087857634804705,0.0658758668478363,1.0423279758479174,0.2368806889863109,0.8523307546607755,-0.144725925693605,-0.0303511211916326,"Buoys, beacons, coffer-dams, pontoons, floats nes",252427.2,Precision Instruments,890790
205,901530,0.0656635364251773,0.0040841575382814,0.018295879094996,3.370005917965905,2.077913019948736,1.4014086274887934,0.2596814755528554,Surveying levels,6734.2,Precision Instruments,901530
206,901540,0.0983253124366163,0.111640154907031,0.082575573497159,1.3406738548085009,0.3095595193533392,-0.0937617193461715,0.1276032822217685,"Photogrammetrical surveying instruments, appliances",68982.8,Precision Instruments,901540
207,901590,0.1129437833763821,0.0470293662514938,0.1528810952168655,0.7884402418896035,0.5281373606650571,-0.9326298564124323,0.0577900879394774,Parts and accessories for surveying etc instruments,369209.2,Precision Instruments,901590
208,902830,0.1081102464705661,0.045710643226431,0.2109530096724517,0.1262952985944151,1.5443788856348373,-0.4394283709216464,-0.0523444780249139,"Electricity supply, production and calibrating meters",503939.0,Precision Instruments,902830
209,902890,0.0905978717090782,0.238032076337848,0.2567920042239676,0.6618073496192385,1.2307950843284086,0.1836776040318621,-0.0911987347642832,"Parts, accessories for gas, liquid, electricity meter",1747020.6,Precision Instruments,902890
210,903020,0.069619372581495,0.0032047409370883,0.0318234160602735,1.0510180549566093,1.0856975410299257,1.1213844420553332,0.2966989494554834,"Cathode-ray oscilloscopes, oscillographs",8286.0,Precision Instruments,903020
211,903031,0.0773982606997412,0.0056260701434129,0.0481247483270027,1.4666672610567626,1.9732480187290729,0.8625913890746014,0.2181349457156552,Electrical multimeters,12011.0,Precision Instruments,903031
212,903039,0.0884378069185729,0.1110817736073778,0.0882848314843566,2.280051418735224,0.8324669593557581,1.050426435691869,0.2144805043682129,"Ammeters, voltmeters, ohm meters, etc, non-recording",821557.8,Precision Instruments,903039
213,903089,0.068584175443345,0.0201942299979382,0.0267525131227522,0.5974395990988692,0.4690835065806926,1.4193507725744914,0.2851434182481464,Electrical measurement instruments nes,374086.2,Precision Instruments,903089
214,903081,0.094766540853889,0.0725708955702549,0.1240031317311871,1.9857549522132545,0.5928988033784733,0.7836842807762826,0.2036677874784114,Electrical measurement recording instruments,610644.8,Precision Instruments,903081
215,903090,0.059234475514443,0.0106368640040068,0.0224342207796387,0.8313449063641049,0.4120579760479797,1.0717235208479237,0.2182797511497867,"Parts & accessories, electrical measuring instruments",217719.4,Precision Instruments,903090
216,903110,0.0698293619369918,0.0918909888073478,0.0627390040034118,2.191125564806045,0.5478245178356144,1.9209977473709308,0.4273253217275041,"Machines for balancing mechanical parts, nes",203637.6,Precision Instruments,903110
217,903120,0.0802144719926385,0.0474884965051298,0.1665018433309274,4.5511370091667365,0.1549942574163568,0.7035847122386356,0.2402649818678711,Test benches for measuring or checking equipment,317841.0,Precision Instruments,903120
218,903140,0.0700521859122637,0.0232099895474197,0.0373877631845615,2.3399984650294843,0.3262575893303792,1.6752529555305526,0.4403255722901658,"Optical instruments and appliances, nes",817332.4,Precision Instruments,903140
219,940510,0.0805105991925704,0.0659733347949416,0.0366549618537423,0.7934415356682606,3.416923199660045,0.8067236588456548,0.1088752375356105,"Chandeliers, other electric ceiling or wall lights",3833504.2,Miscellaneous Manufactured Articles,940510
220,940520,0.0716371795279,0.0102445323380387,0.0099953755684873,0.5595124194649321,5.03171526578646,0.1047585045561557,0.0180798924657958,"Electric table, desk, bedside and floor lamps",128461.6,Miscellaneous Manufactured Articles,940520
221,940540,0.0742279634747339,0.0222276408846875,0.0347596280520083,0.8136009637246805,4.337251196196911,0.3302075039302731,0.0450754234030946,"Electric lamps, lighting fittings, nes",1702914.4,Miscellaneous Manufactured Articles,940540
222,950720,0.0851603600569109,0.0,0.001720676596702,0.0789976379314938,2.487539012201152,-1.2473558025248186,-0.1781094169021452,"Fish-hooks, whether or not snelled",0.0,Miscellaneous Manufactured Articles,950720
223,392030,0.1159077706412681,1.251165961044042,0.0820861918728676,2.2131323612224048,0.4772081559606715,0.6111518840666633,0.0825532891608585,Sheet/film not cellular/reinf polymers of styrene,9019753.0,"Plastics, Rubbers",392030
224,392111,0.1041815777378297,0.0142592749157656,0.0164691335492592,2.4547752873911124,0.4692288921660638,0.250353136913742,-0.0069254922357834,"Sheet etc, cellular of polymers of styrene",60923.6,"Plastics, Rubbers",392111
225,392113,0.0985327214158784,0.0347448155118594,0.0746646380092383,1.565810262852727,0.7746241419915696,0.7185317541947417,0.1100569163757939,"Sheet etc, cellular of polyurethane",434281.6,"Plastics, Rubbers",392113
226,392510,0.11093000262106,0.1362818764564471,0.6195845535519996,2.289205918852028,0.2257486745173341,0.0058126928991552,-0.0078837302904554,"Plastic reservoirs, tanks, vats, etc, capacity <300l",414281.6,"Plastics, Rubbers",392510
227,400259,0.0741907572545796,0.3381126566292213,0.4500761244580659,0.6369922518770581,0.1651537878574109,1.6347807577777798,0.3428908128689485,Acrylonitrile-butadiene rubber (NBR) except as latex,1178217.0,"Raw Hides, Skins, Leather and Furs",400259
228,450490,0.097719201567882,0.5480112039778706,0.6506281407399886,0.5259107207957422,1.369875979253261,-0.718247253762176,-0.0342370719821896,Articles of agglomerated cork,249736.2,Wood and Wood Products,450490
229,530599,0.0862518682316935,0.0,6.182746661401985,0.0490036958538989,0.1002756652650915,-2.0835078752614646,-0.1900063164788942,"Vegetable fibre nes, processed not spun, tow & waste",0.0,Textiles,530599
230,540500,0.0777223159654887,0.0,0.1385828788445882,0.668671113077074,0.973843526618878,0.4038318425059668,0.0913608999146161,"Artif monofilament >67dtex t<1mm, strip, straws t<5mm",0.0,Textiles,540500
231,560790,0.0966147526849742,0.023776511334471,0.1604190175956769,0.1802473269437175,1.4747000345468342,-1.42964472504368,-0.3401896224257267,"Twine, cordage, ropes and cables, of other materials",28749.8,Textiles,560790
232,560890,0.0976192945742123,0.0230607939145022,0.7503041354064943,0.1742487059215035,2.031671907406894,-1.0566796405052346,-0.3219191799057073,"Knotted netting, nets, of of natural materials",11841.6,Textiles,560890
233,680610,0.1069722982265469,0.0127141792302026,0.0953074863999769,0.9979600201896978,0.62367217844934,0.924635236785362,0.0946618433868791,"Slag wool, rock wool, similar wools, bulk, sheet, rol",104063.8,"Stone, Glass, Cement, Ceramics",680610
234,680690,0.0823493637148944,0.0790029655178297,0.3313926883373666,2.715633283464852,0.5699904371605625,1.5204776538884757,0.3973657106131814,Mineral heat or sound insulating materials & articles,457932.0,"Stone, Glass, Cement, Ceramics",680690
235,680800,0.0977660665265126,0.0089544263086554,0.0157336206551887,0.7965135607862894,1.9627511276696008,0.1985086096976098,-0.061886417244525,"Boards, etc of veg fibre with mineral binder or cemen",14761.6,"Stone, Glass, Cement, Ceramics",680800
236,681011,0.1004633809511446,0.161731462920995,0.0278354359802407,1.8006279425129803,1.1829651294008123,-0.084474327144256,-0.0610178969893101,"Building blocks, bricks of cement, or artificial ston",433720.2,"Stone, Glass, Cement, Ceramics",681011
237,681019,0.0991380025090004,0.507719714603762,0.0387597631066589,0.7477620585393691,1.9558347064870911,-0.0504688402612324,-0.1168135173244664,"Tiles & flagstones of cement, concrete, artificial stone",2610147.0,"Stone, Glass, Cement, Ceramics",681019
238,681091,0.099755184919766,0.0437774553008555,0.0301332902320971,2.074731652308188,1.5163732301192934,0.4425068671315912,0.03065364281984,Prefabricated structural items of cement or concrete,329155.6,"Stone, Glass, Cement, Ceramics",681091
239,700991,0.086327538311554,0.3615537773935267,0.108633774556438,0.8713946147144173,3.6543440197704826,-0.1162190458745713,-0.0458791383167582,"Glass mirrors, unframed",1113186.0,"Natural or Cultured Pearls, Precious Metals",700991
240,700992,0.0639845414482635,0.0209374015156839,0.0346145207442476,0.413626717572972,4.900470292896015,-0.1671319579437208,-0.0440874325217976,"Glass mirrors, framed",108257.4,"Natural or Cultured Pearls, Precious Metals",700992
241,701939,0.0967341435096548,0.6749157783832415,0.0632362728125695,0.5685877990657076,1.30651537805808,0.6436353473902859,0.0725438376026125,"Webs, mattresses, other nonwoven fibreglass products",4504833.8,"Natural or Cultured Pearls, Precious Metals",701939
242,730210,0.0803732199156015,0.1995445375230843,0.0101812273747591,0.1824699784588253,1.0285510750109652,0.6186785575571386,0.1533610608309942,"Railway/tramway rails, iron or steel",1709809.6,Base Metals,730210
243,730230,0.0859425562183526,0.0,0.1069227869888571,1.739814715149086,0.729503502093123,0.4479868494657477,0.1347009611942055,"Railway/tramway switch/crossing material, iron/steel",0.0,Base Metals,730230
244,730240,0.106545132251278,0.0,1.229630526897121,0.7483309965322765,0.9230672262024572,0.1817082961380521,0.0235038227234934,"Railway fish plates and sole plates, iron or steel",0.0,Base Metals,730240
245,730290,0.1075857112489489,0.0031567405960035,0.7109263638280647,1.5944960037978515,0.7516762410941962,-0.0882370328759322,-0.0422125427728088,"Rail/tramway construction material of iron/steel, nes",5462.2,Base Metals,730290
246,730890,0.1001567397244886,0.105706096038839,0.1663083321192187,1.0099804327616426,1.8323567969197043,0.1825387162810024,-0.0610806016139093,"Structures and parts of structures, iron or steel, ne",12497980.0,Base Metals,730890
247,732113,0.0804326432298443,0.0472155873341003,0.1351625723465436,0.5284104392339555,4.888517305641668,-0.5183269387972153,0.0339945486519098,"Cooking appliances for solid fuel, iron or steel",144010.2,Base Metals,732113
248,732183,0.0864590209383614,0.0786680480176122,0.0428306587005385,0.694027757262525,1.3384507996463626,0.4407104478151552,0.0340063943175858,"Domestic iron/steel solid fuel appliances, not cooker",412329.6,Base Metals,732183
249,761090,0.0991936058956508,0.0582691026667427,0.0420493903080933,1.8470337863665856,1.8649934354095656,0.3362872692530025,-0.0120487025576213,"Aluminium structures and parts nes, for construction",1623486.6,Base Metals,761090
250,830630,0.0672165092505964,0.0140131582300899,0.0141115983067477,0.8797314041905392,4.099427918469771,0.0595980486700813,0.0282035662228261,"Photograph, picture, etc frames, mirrors of base meta",14602.6,"Machinery, Electrical",830630
251,850220,0.0710891157756814,0.1479971493950979,0.0191695266669357,1.503910794073495,2.5510588978194124,0.5988844120153279,0.1248307202874758,"Generating sets, with spark ignition engines",1979392.4,Transportation,850220
252,853010,0.095565399539123,0.0012108449669695,0.3853663872294264,2.4470219993653792,0.550978079152387,0.8018752426410365,0.1671133313345504,"Electric signal, safety & traffic controls, railway",3049.0,Transportation,853010
253,853080,0.10355790057727,0.0802647425529205,0.2438206455396726,1.2381641154916496,0.8243195350461663,0.6493083183199077,0.0246133050937077,"Electric signal, safety & traffic controls, nes",269270.8,Transportation,853080
254,853090,0.0868386521035658,0.0210209418631458,0.0366760560437176,1.1409730569090788,0.4530482276315017,1.0094809159563087,0.2131792856377081,"Electric signal, safety & traffic controller parts",76022.2,Transportation,853090
255,853720,0.0946604446061732,0.3065126820749816,0.7114874911632294,2.0707329670308554,1.1843288656509745,0.0974284012471227,-0.1274422612224006,"Electrical control and distribution boards, > 1kV",7166665.8,Transportation,853720
256,853921,0.0710474370663348,0.0116659374633124,0.0183308479169011,3.3076010497831985,1.796348341981275,1.3957717328762616,0.2161290032087835,"Filament lamps, tungsten halogen",98881.8,Transportation,853921
257,853939,0.0695851889425119,0.0158071259109554,0.1613416336952437,1.6662985401010824,2.080535754355588,0.9566119999169872,0.2560560982831042,"Discharge lamps, other than ultra-violet lamps, nes",90272.4,Transportation,853939
258,860110,0.0741771870265377,0.0,0.0,4.147932958233727,1.8854409883794607,1.117412141122779,0.2609896924622037,"Rail locomotives, externally electrically powered",0.0,Transportation,860110
259,860120,0.0777245556165099,0.0,0.0,1.7189017521400796,4.339782353267146,0.0192042110392503,0.059479565140452,Rail locomotives powered by electric accumulators,0.0,Transportation,860120
260,860210,0.1016753635645249,0.0,0.8576262606249968,0.487684786650231,1.111759873084949,-0.4910146238714434,0.0283588614210842,"Rail locomotives, diesel-electric",0.0,Transportation,860210
261,860290,0.0952810789490081,0.0,0.0902390503942482,3.03270766046507,1.550020931830543,-0.3296623375622984,0.0190830028026616,Rail locomotives non-electric and locomotive tenders,0.0,Transportation,860290
262,860310,0.0701583801710369,0.0001187833894987,0.7628230431992677,2.355897154717733,1.263464014855078,1.5749345187227366,0.3933279438223965,"Self-propelled railway cars, external electric power",2320.4,Transportation,860310
263,860390,0.0634452824956695,0.0,0.0001612718281244,0.8644861749720035,1.5435849314809973,0.7285471149117262,0.207854068470864,Self-propelled railway cars except external electric,0.0,Transportation,860390
264,860400,0.0792399982508708,0.0737816208977495,0.0185543424241595,1.7734508769300388,0.359449817342683,0.381279278070829,0.3091876885798005,Railway maintenance-of-way service vehicles,298140.6,Transportation,860400
265,860500,0.0873392649783488,0.0,1.0504725018549694,2.4979265519844107,1.0577320524537794,0.3423001882719739,0.1343266353226258,Railway passenger and special purpose coaches,0.0,Transportation,860500
266,860610,0.0996812643323901,0.0,0.0965725314900346,0.2197728020202561,0.0660205039639468,0.5023069335434172,0.0897678187413756,Railway tank cars,0.0,Transportation,860610
267,860630,0.1003101219644721,0.0,0.1498507680982186,0.074541975736407,1.3641482365331086,-0.1482792152686914,0.0416677182107258,"Railway cars, self-discharging, nes",0.0,Transportation,860630
268,860691,0.1133002080796779,0.0,0.0150480568999002,0.2510668783223868,0.3470640105314888,0.0716716324447143,0.0254677102334377,"Railway cars nes, closed and covered",0.0,Transportation,860691
269,860692,0.098307875389796,0.0,0.5974751148781636,0.1415081463796615,2.5927568876031937,-0.1610244472385259,-0.0044685859515553,"Railway cars nes, open, with sides > 60 cm high",0.0,Transportation,860692
270,860699,0.0913942480193633,0.0,0.0518444625877998,0.8146767887531672,1.0989872155404905,-0.0093170927063459,-0.0035535290525372,Railway cars nes,0.0,Transportation,860699
271,860711,0.0759078214102531,0.0,0.4301850241635934,2.304442431595885,0.2869233538398928,1.182855767199684,0.3481833069099278,Railway & tramway driving bogies  & bissel-bogies,0.0,Transportation,860711
272,860712,0.0871952824724479,0.0,0.0863593448195375,2.516041705444337,0.4050722955230246,0.6385877700183575,0.1991452116606672,"Railway & tramway bogies & bissel-bogies, non-driving",0.0,Transportation,860712
273,860719,0.0956009870029416,0.013033908548147,0.6605804849653277,1.313358145283143,0.8563540893797617,1.0071943125892506,0.2101168338300987,"Railway & tramway axles, wheels and parts",146341.6,Transportation,860719
274,860721,0.0796380710770552,0.2247945693303084,0.2073145124956791,3.757629935279564,0.2007225368475478,1.145585635269543,0.2902743186299819,"Air brakes, parts for railway rolling stock",1332897.8,Transportation,860721
275,860729,0.1181589058482952,4.724991956045406,0.3488547213171755,1.3572720057208756,0.4114863383901928,0.4938493284593664,0.1411715935066957,"Brakes except air, parts for railway rolling stock",4945831.8,Transportation,860729
276,860730,0.0807453345746178,0.0212437580781006,0.3279387291962528,2.4640266853316493,0.87769127861513,1.4481224319775192,0.3812702539145979,"Coupling devices, parts for railway rolling stock",60190.6,Transportation,860730
277,860791,0.0915683294789314,0.0202985411418575,0.103873021567063,1.6572690752206656,1.5143034698782434,1.0775399985785552,0.1748568364779955,Railway locomotive parts nes,72640.2,Transportation,860791
278,860799,0.085648089104997,0.0022413659645642,0.1983253262526457,1.774787248771298,0.4937265048128933,1.6933397820022047,0.3722636466347545,Railway rolling stock parts nes,29101.0,Transportation,860799
279,860800,0.1019631640443211,0.0744422541055472,0.2451700212337068,1.4682662175519516,0.8419379066669512,0.4689507599508987,0.0274513555098853,"Signals etc for rail, tram, water-way, port, airfield",250348.8,Transportation,860800
280,871200,0.0824344009651247,0.0033083046245195,0.0073073196433854,0.997754625759189,3.2064942553194475,-0.3532399325237074,-0.0915796484697379,"Bicycles, other cycles, not motorized",85158.8,Transportation,871200
281,871411,0.0670470903346797,0.0,0.0,0.1084992917791952,3.675543347684721,-1.195800081532244,-0.0734992916830743,Motorcycle saddles,0.0,Transportation,871411
282,871419,0.0638198739053464,0.055303784285141,0.1097284269149647,0.4118526217777365,2.7467685651666662,0.1883607066524669,0.0934107647117039,Motorcycle parts except saddles,1467933.8,Transportation,871419
283,871420,0.0910307036073007,0.004179178555911,0.0179827477824998,1.1352834211067098,2.000074898130378,0.6983156284234739,0.0657624497879042,Wheelchair parts,12286.2,Transportation,871420
284,871491,0.0600663963174862,0.0013569929244443,0.0070979517193063,0.3000684852488918,4.714077874414741,-0.6060087810272994,-0.0219894373286884,"Bicycle frames and forks, and parts thereof",8199.8,Transportation,871491
285,871492,0.0797643898114318,0.0071797019581385,0.0258454386104438,0.4960700084754739,3.197623783611888,-0.3220974547885636,-0.1221748458496069,Bicycle wheel rims and spokes,11120.6,Transportation,871492
286,871493,0.0578614836787988,0.0034828533345042,0.0149188109644744,0.5493725951772803,1.7671417422127866,0.841423123572365,0.165253030417431,"Bicycle hubs, free-wheel sprocket wheels",7068.2,Transportation,871493
287,871494,0.0577773882730444,0.002350877714023,0.0143540710368697,0.8143275375516004,1.2871048152214912,0.8461907355222861,0.1585937042095289,"Bicycle brakes, parts thereof",7434.0,Transportation,871494
288,871495,0.06343577725648,0.0047506949509378,0.1491853079191525,0.4123749307058637,2.764256184585684,-0.1306391959632067,-0.0256692370740485,Bicycle saddles,5084.6,Transportation,871495
289,871496,0.0602377813399731,0.002191048750651,0.0287115434500094,0.5668823928404843,1.47806947484336,0.5084394272201641,0.0767855170640319,"Bicycle pedals/crank-gear, parts thereof",5703.4,Transportation,871496
290,871499,0.0816932655321619,0.0027018778365397,0.0101369040768868,0.7869965624128107,1.67112237980756,0.4264397915302579,0.054788792492861,Bicycle parts nes,30380.4,Transportation,871499
291,871639,0.0965947724405428,0.0832263509051868,0.5799705664833307,3.944782634176329,0.5076093656199179,0.7122923667352776,0.1281794231242696,Trailers nes for the transport of goods,2804133.4,Transportation,871639
292,900580,0.0856079127140138,0.0129327046070193,0.0068387149572926,1.3685958554060325,2.0585900529711214,0.9035991098117064,0.1765466799270878,"Monoculars, telescopes, etc",20030.4,Precision Instruments,900580
